Datum;Produkt;Nettomenge;Stueckpreis_brutto;Bruttoumsatz
2020-05-01;Alaunstein;5;8,99;44,949997
2020-05-02;Alaunstein;1;8,99;8,99
2020-05-03;Alaunstein;0;8,99;0,0
2020-05-04;Alaunstein;1;9,99;9,99
2020-05-05;Alaunstein;1;9,98;9,98
2020-05-06;Alaunstein;0;9,98;0,0
2020-05-07;Alaunstein;1;9,99;9,99
2020-05-08;Alaunstein;1;9,99;9,99
2020-05-09;Alaunstein;1;9,99;9,99
2020-05-10;Alaunstein;0;9,99;0,0
2020-05-11;Alaunstein;0;9,99;0,0
2020-05-12;Alaunstein;1;9,99;9,99
2020-05-13;Alaunstein;1;9,99;9,99
2020-05-14;Alaunstein;0;9,99;0,0
2020-05-15;Alaunstein;1;9,99;9,99
2020-05-16;Alaunstein;2;9,99;19,98
2020-05-17;Alaunstein;1;9,99;9,99
2020-05-18;Alaunstein;0;9,99;0,0
2020-05-19;Alaunstein;1;9,99;9,99
2020-05-20;Alaunstein;0;9,99;0,0
2020-05-21;Alaunstein;0;9,99;0,0
2020-05-22;Alaunstein;0;9,99;0,0
2020-05-23;Alaunstein;2;9,99;19,98
2020-05-24;Alaunstein;2;9,985;19,97
2020-05-25;Alaunstein;0;9,985;0,0
2020-05-26;Alaunstein;0;9,985;0,0
2020-05-27;Alaunstein;0;9,985;0,0
2020-05-28;Alaunstein;0;9,985;0,0
2020-05-29;Alaunstein;3;9,99;29,97
2020-05-30;Alaunstein;0;9,99;0,0
2020-05-31;Alaunstein;0;9,99;0,0
2020-06-01;Alaunstein;0;9,99;0,0
2020-06-02;Alaunstein;0;9,99;0,0
2020-06-03;Alaunstein;0;9,99;0,0
2020-06-04;Alaunstein;0;9,99;0,0
2020-06-05;Alaunstein;0;9,99;0,0
2020-06-06;Alaunstein;1;9,99;9,99
2020-06-07;Alaunstein;3;9,99;29,97
2020-06-08;Alaunstein;0;9,99;0,0
2020-06-09;Alaunstein;1;9,99;9,99
2020-06-10;Alaunstein;0;9,99;0,0
2020-06-11;Alaunstein;3;9,986667;29,96
2020-06-12;Alaunstein;0;9,986667;0,0
2020-06-13;Alaunstein;1;9,98;9,98
2020-06-14;Alaunstein;0;9,98;0,0
2020-06-15;Alaunstein;2;9,99;19,98
2020-06-16;Alaunstein;1;9,99;9,99
2020-06-17;Alaunstein;3;9,986667;29,96
2020-06-18;Alaunstein;1;9,98;9,98
2020-06-19;Alaunstein;1;9,99;9,99
2020-06-20;Alaunstein;0;9,99;0,0
2020-06-21;Alaunstein;1;9,99;9,99
2020-06-22;Alaunstein;1;9,99;9,99
2020-06-23;Alaunstein;0;9,99;0,0
2020-06-24;Alaunstein;0;9,99;0,0
2020-06-25;Alaunstein;1;9,99;9,99
2020-06-26;Alaunstein;2;9,985;19,97
2020-06-27;Alaunstein;2;9,985;19,97
2020-06-28;Alaunstein;1;9,99;9,99
2020-06-29;Alaunstein;0;9,99;0,0
2020-06-30;Alaunstein;0;9,99;0,0
2020-07-01;Alaunstein;1;9,99;9,99
2020-07-02;Alaunstein;0;9,99;0,0
2020-07-03;Alaunstein;2;9,99;19,98
2020-07-04;Alaunstein;0;9,99;0,0
2020-07-05;Alaunstein;2;9,985;19,97
2020-07-06;Alaunstein;3;9,986667;29,96
2020-07-07;Alaunstein;5;9,988;49,94
2020-07-08;Alaunstein;0;9,988;0,0
2020-07-09;Alaunstein;0;9,988;0,0
2020-07-10;Alaunstein;2;9,985;19,97
2020-07-11;Alaunstein;8;9,9825;79,86
2020-07-12;Alaunstein;4;9,9825;39,93
2020-07-13;Alaunstein;2;9,99;19,98
2020-07-14;Alaunstein;0;9,99;0,0
2020-07-15;Alaunstein;5;9,988;49,94
2020-07-16;Alaunstein;0;9,988;0,0
2020-07-17;Alaunstein;1;9,99;9,99
2020-07-18;Alaunstein;0;9,99;0,0
2020-07-19;Alaunstein;0;9,99;0,0
2020-07-20;Alaunstein;2;9,99;19,98
2020-07-21;Alaunstein;2;9,99;19,98
2020-07-22;Alaunstein;0;9,99;0,0
2020-07-23;Alaunstein;1;9,98;9,98
2020-07-24;Alaunstein;1;9,99;9,99
2020-07-25;Alaunstein;2;9,99;19,98
2020-07-26;Alaunstein;0;9,99;0,0
2020-07-27;Alaunstein;2;9,985;19,97
2020-07-28;Alaunstein;0;9,985;0,0
2020-07-29;Alaunstein;1;9,99;9,99
2020-07-30;Alaunstein;2;9,99;19,98
2020-07-31;Alaunstein;0;9,99;0,0
2020-08-01;Alaunstein;1;9,99;9,99
2020-08-02;Alaunstein;0;9,99;0,0
2020-08-03;Alaunstein;1;9,99;9,99
2020-08-04;Alaunstein;0;9,99;0,0
2020-08-05;Alaunstein;1;9,99;9,99
2020-08-06;Alaunstein;2;9,99;19,98
2020-08-07;Alaunstein;1;9,99;9,99
2020-08-08;Alaunstein;2;9,99;19,98
2020-08-09;Alaunstein;3;9,99;29,97
2020-08-10;Alaunstein;1;9,98;9,98
2020-08-11;Alaunstein;0;9,98;0,0
2020-08-12;Alaunstein;0;9,98;0,0
2020-08-13;Alaunstein;0;9,98;0,0
2020-08-14;Alaunstein;0;9,98;0,0
2020-08-15;Alaunstein;4;9,987499;39,949997
2020-08-16;Alaunstein;5;9,988;49,94
2020-08-17;Alaunstein;0;9,988;0,0
2020-08-18;Alaunstein;0;9,988;0,0
2020-08-19;Alaunstein;9;9,987778;89,89
2020-08-20;Alaunstein;6;9,99;59,94
2020-08-21;Alaunstein;0;9,99;0,0
2020-08-22;Alaunstein;1;9,99;9,99
2020-08-23;Alaunstein;6;9,988334;59,93
2020-08-24;Alaunstein;4;9,99;39,96
2020-08-25;Alaunstein;9;9,99;89,909996
2020-08-26;Alaunstein;1;9,98;9,98
2020-08-27;Alaunstein;5;9,99;49,949997
2020-08-28;Alaunstein;3;9,99;29,97
2020-08-29;Alaunstein;3;9,983333;29,949997
2020-08-30;Alaunstein;3;9,99;29,97
2020-08-31;Alaunstein;4;9,99;39,96
2020-09-01;Alaunstein;3;9,986667;29,96
2020-09-02;Alaunstein;3;9,986667;29,96
2020-09-03;Alaunstein;6;9,99;59,94
2020-09-04;Alaunstein;2;9,99;19,98
2020-09-05;Alaunstein;3;9,983333;29,949997
2020-09-06;Alaunstein;2;9,985;19,97
2020-09-07;Alaunstein;2;9,99;19,98
2020-09-08;Alaunstein;2;9,985;19,97
2020-09-09;Alaunstein;0;9,985;0,0
2020-09-10;Alaunstein;2;9,985;19,97
2020-09-11;Alaunstein;3;9,99;29,97
2020-09-12;Alaunstein;1;9,99;9,99
2020-09-13;Alaunstein;2;9,99;19,98
2020-09-14;Alaunstein;1;9,98;9,98
2020-09-15;Alaunstein;3;9,986667;29,96
2020-09-16;Alaunstein;2;9,99;19,98
2020-09-17;Alaunstein;1;9,99;9,99
2020-09-18;Alaunstein;1;9,99;9,99
2020-09-19;Alaunstein;1;9,99;9,99
2020-09-20;Alaunstein;4;9,987499;39,949997
2020-09-21;Alaunstein;1;9,99;9,99
2020-09-22;Alaunstein;2;9,985;19,97
2020-09-23;Alaunstein;0;9,985;0,0
2020-09-24;Alaunstein;0;9,985;0,0
2020-09-25;Alaunstein;0;9,985;0,0
2020-09-26;Alaunstein;1;9,99;9,99
2020-09-27;Alaunstein;1;9,99;9,99
2020-09-28;Alaunstein;1;9,99;9,99
2020-09-29;Alaunstein;1;9,99;9,99
2020-09-30;Alaunstein;0;9,99;0,0
2020-10-01;Alaunstein;1;9,98;9,98
2020-10-02;Alaunstein;1;9,99;9,99
2020-10-03;Alaunstein;2;9,99;19,98
2020-10-04;Alaunstein;1;9,99;9,99
2020-10-05;Alaunstein;2;9,99;19,98
2020-10-06;Alaunstein;0;9,99;0,0
2020-10-07;Alaunstein;2;9,99;19,98
2020-10-08;Alaunstein;1;9,99;9,99
2020-10-09;Alaunstein;1;9,99;9,99
2020-10-10;Alaunstein;1;9,99;9,99
2020-10-11;Alaunstein;1;9,99;9,99
2020-10-12;Alaunstein;1;9,99;9,99
2020-10-13;Alaunstein;0;9,99;0,0
2020-10-14;Alaunstein;0;9,99;0,0
2020-10-15;Alaunstein;1;9,99;9,99
2020-10-16;Alaunstein;0;9,99;0,0
2020-10-17;Alaunstein;0;9,99;0,0
2020-10-18;Alaunstein;1;9,99;9,99
2020-10-19;Alaunstein;0;9,99;0,0
2020-10-20;Alaunstein;0;9,99;0,0
2020-10-21;Alaunstein;0;9,99;0,0
2020-10-22;Alaunstein;0;9,99;0,0
2020-10-23;Alaunstein;1;9,99;9,99
2020-10-24;Alaunstein;1;9,99;9,99
2020-10-25;Alaunstein;2;9,99;19,98
2020-10-26;Alaunstein;0;9,99;0,0
2020-10-27;Alaunstein;0;9,99;0,0
2020-10-28;Alaunstein;0;9,99;0,0
2020-10-29;Alaunstein;0;9,99;0,0
2020-10-30;Alaunstein;0;9,99;0,0
2020-10-31;Alaunstein;2;9,99;19,98
2020-11-01;Alaunstein;3;9,99;29,97
2020-11-02;Alaunstein;1;9,98;9,98
2020-11-03;Alaunstein;3;9,99;29,97
2020-11-04;Alaunstein;2;9,99;19,98
2020-11-05;Alaunstein;2;9,99;19,98
2020-11-06;Alaunstein;1;9,99;9,99
2020-11-07;Alaunstein;1;9,99;9,99
2020-11-08;Alaunstein;2;9,99;19,98
2020-11-09;Alaunstein;0;9,99;0,0
2020-11-10;Alaunstein;1;9,98;9,98
2020-11-11;Alaunstein;3;9,99;29,97
2020-11-12;Alaunstein;1;9,99;9,99
2020-11-13;Alaunstein;1;9,99;9,99
2020-11-14;Alaunstein;1;9,99;9,99
2020-11-15;Alaunstein;3;9,99;29,97
2020-11-16;Alaunstein;2;9,99;19,98
2020-11-17;Alaunstein;1;9,99;9,99
2020-11-18;Alaunstein;2;9,99;19,98
2020-11-19;Alaunstein;2;9,99;19,98
2020-11-20;Alaunstein;2;9,99;19,98
2020-11-21;Alaunstein;2;9,99;19,98
2020-11-22;Alaunstein;2;9,99;19,98
2020-11-23;Alaunstein;2;9,99;19,98
2020-11-24;Alaunstein;4;9,99;39,96
2020-11-25;Alaunstein;1;9,99;9,99
2020-11-26;Alaunstein;4;9,3625;37,45
2020-11-27;Alaunstein;26;7,49;194,73999
2020-11-28;Alaunstein;9;7,49;67,409996
2020-11-29;Alaunstein;13;7,49;97,369995
2020-11-30;Alaunstein;11;7,49;82,39
2020-12-01;Alaunstein;2;9,99;19,98
2020-12-02;Alaunstein;2;9,99;19,98
2020-12-03;Alaunstein;0;9,99;0,0
2020-12-04;Alaunstein;3;9,99;29,97
2020-12-05;Alaunstein;6;9,99;59,94
2020-12-06;Alaunstein;4;9,99;39,96
2020-12-07;Alaunstein;3;9,986667;29,96
2020-12-08;Alaunstein;1;9,99;9,99
2020-12-09;Alaunstein;5;9,99;49,949997
2020-12-10;Alaunstein;6;9,99;59,94
2020-12-11;Alaunstein;3;9,99;29,97
2020-12-12;Alaunstein;3;9,99;29,97
2020-12-13;Alaunstein;13;9,988461;129,84999
2020-12-14;Alaunstein;1;9,99;9,99
2020-12-15;Alaunstein;8;9,99;79,92
2020-12-16;Alaunstein;6;9,99;59,94
2020-12-17;Alaunstein;14;9,99;139,86
2020-12-18;Alaunstein;4;9,99;39,96
2020-12-19;Alaunstein;1;9,98;9,98
2020-12-20;Alaunstein;4;9,99;39,96
2020-12-21;Alaunstein;3;9,99;29,97
2020-12-22;Alaunstein;2;9,99;19,98
2020-12-23;Alaunstein;0;9,99;0,0
2020-12-24;Alaunstein;0;9,99;0,0
2020-12-25;Alaunstein;4;9,987499;39,949997
2020-12-26;Alaunstein;1;9,99;9,99
2020-12-27;Alaunstein;3;9,99;29,97
2020-12-28;Alaunstein;3;9,99;29,97
2020-12-29;Alaunstein;1;9,99;9,99
2020-12-30;Alaunstein;2;9,99;19,98
2020-12-31;Alaunstein;1;9,99;9,99
2021-01-01;Alaunstein;3;9,986667;29,96
2021-01-02;Alaunstein;4;9,987499;39,949997
2021-01-03;Alaunstein;2;9,99;19,98
2021-01-04;Alaunstein;0;9,99;0,0
2021-01-05;Alaunstein;3;9,99;29,97
2021-01-06;Alaunstein;2;9,98;19,96
2021-01-07;Alaunstein;2;9,985;19,97
2021-01-08;Alaunstein;2;9,99;19,98
2021-01-09;Alaunstein;2;9,99;19,98
2021-01-10;Alaunstein;4;9,985;39,94
2021-01-11;Alaunstein;1;9,99;9,99
2021-01-12;Alaunstein;1;9,98;9,98
2021-01-13;Alaunstein;1;9,99;9,99
2021-01-14;Alaunstein;1;9,98;9,98
2021-01-15;Alaunstein;2;9,99;19,98
2021-01-16;Alaunstein;0;9,99;0,0
2021-01-17;Alaunstein;2;9,99;19,98
2021-01-18;Alaunstein;2;9,985;19,97
2021-01-19;Alaunstein;1;9,99;9,99
2021-01-20;Alaunstein;1;9,99;9,99
2021-01-21;Alaunstein;1;9,99;9,99
2021-01-22;Alaunstein;3;9,985;29,954998
2021-01-23;Alaunstein;2;9,99;19,98
2021-01-24;Alaunstein;3;9,986667;29,96
2021-01-25;Alaunstein;1;9,98;9,98
2021-01-26;Alaunstein;1;9,99;9,99
2021-01-27;Alaunstein;2;9,99;19,98
2021-01-28;Alaunstein;1;9,99;9,99
2021-01-29;Alaunstein;0;9,99;0,0
2021-01-30;Alaunstein;3;9,99;29,97
2021-01-31;Alaunstein;1;9,99;9,99
2021-02-01;Alaunstein;2;9,99;19,98
2021-02-02;Alaunstein;2;9,99;19,98
2021-02-03;Alaunstein;1;9,98;9,98
2021-02-04;Alaunstein;3;9,99;29,97
2021-02-05;Alaunstein;1;9,99;9,99
2021-02-06;Alaunstein;0;9,99;0,0
2021-02-07;Alaunstein;4;9,99;39,96
2021-02-08;Alaunstein;1;9,99;9,99
2021-02-09;Alaunstein;0;9,99;0,0
2021-02-10;Alaunstein;4;9,99;39,96
2021-02-11;Alaunstein;2;9,985;19,97
2021-02-12;Alaunstein;2;9,99;19,98
2021-02-13;Alaunstein;1;9,98;9,98
2021-02-14;Alaunstein;1;9,98;9,98
2021-02-15;Alaunstein;3;9,99;29,97
2021-02-16;Alaunstein;1;9,99;9,99
2021-02-17;Alaunstein;1;9,99;9,99
2021-02-18;Alaunstein;1;9,99;9,99
2021-02-19;Alaunstein;3;9,983333;29,949997
2021-02-20;Alaunstein;2;9,985;19,97
2021-02-21;Alaunstein;3;9,986667;29,96
2021-02-22;Alaunstein;0;9,986667;0,0
2021-02-23;Alaunstein;4;9,985;39,94
2021-02-24;Alaunstein;2;9,99;19,98
2021-02-25;Alaunstein;2;9,99;19,98
2021-02-26;Alaunstein;7;9,988571;69,92
2021-02-27;Alaunstein;6;9,986667;59,92
2021-02-28;Alaunstein;3;9,99;29,97
2021-03-01;Alaunstein;3;9,99;29,97
2021-03-02;Alaunstein;6;9,988;59,928
2021-03-03;Alaunstein;2;9,985;19,97
2021-03-04;Alaunstein;5;9,983999;49,92
2021-03-05;Alaunstein;3;9,983333;29,949997
2021-03-06;Alaunstein;4;9,99;39,96
2021-03-07;Alaunstein;6;9,985;59,909996
2021-03-08;Alaunstein;2;9,99;19,98
2021-03-09;Alaunstein;4;9,986667;39,946667
2021-03-10;Alaunstein;6;9,983333;59,899994
2021-03-11;Alaunstein;2;9,985;19,97
2021-03-12;Alaunstein;5;9,99;49,949997
2021-03-13;Alaunstein;11;9,987273;109,86001
2021-03-14;Alaunstein;8;9,987499;79,899994
2021-03-15;Alaunstein;3;9,983333;29,949997
2021-03-16;Alaunstein;13;9,986923;129,83
2021-03-17;Alaunstein;6;9,988334;59,93
2021-03-18;Alaunstein;9;9,983334;89,850006
2021-03-19;Alaunstein;10;9,989;99,89
2021-03-20;Alaunstein;10;9,9869995;99,869995
2021-03-21;Alaunstein;8;9,987499;79,899994
2021-03-22;Alaunstein;12;9,9875;119,850006
2021-03-23;Alaunstein;5;9,99;49,949997
2021-03-24;Alaunstein;0;9,99;0,0
2021-03-25;Alaunstein;0;9,99;0,0
2021-03-26;Alaunstein;0;9,99;0,0
2021-03-27;Alaunstein;0;9,99;0,0
2021-03-28;Alaunstein;6;9,99;59,94
2021-03-29;Alaunstein;3;9,99;29,97
2021-03-30;Alaunstein;3;9,986667;29,96
2021-03-31;Alaunstein;1;9,99;9,99
2021-04-01;Alaunstein;2;9,99;19,98
2021-04-02;Alaunstein;1;9,99;9,99
2021-04-03;Alaunstein;5;9,986;49,93
2021-04-04;Alaunstein;2;9,99;19,98
2021-04-05;Alaunstein;3;9,99;29,97
2021-04-06;Alaunstein;8;9,987499;79,899994
2021-04-07;Alaunstein;5;9,986;49,93
2021-04-08;Alaunstein;2;9,99;19,98
2021-04-09;Alaunstein;4;9,987499;39,949997
2021-04-10;Alaunstein;0;9,987499;0,0
2021-04-11;Alaunstein;1;9,99;9,99
2021-04-12;Alaunstein;0;9,99;0,0
2021-04-13;Alaunstein;1;9,98;9,98
2021-04-14;Alaunstein;5;9,983999;49,92
2021-04-15;Alaunstein;7;9,987143;69,909996
2021-04-16;Alaunstein;3;9,986667;29,96
2021-04-17;Alaunstein;3;9,986667;29,96
2021-04-18;Alaunstein;0;9,986667;0,0
2021-04-19;Alaunstein;1;9,99;9,99
2021-04-20;Alaunstein;7;9,988334;69,918335
2021-04-21;Alaunstein;3;9,986667;29,96
2021-04-22;Alaunstein;2;9,99;19,98
2021-04-23;Alaunstein;1;9,99;9,99
2021-04-24;Alaunstein;2;9,985;19,97
2021-04-25;Alaunstein;6;9,988334;59,93
2021-04-26;Alaunstein;4;9,987499;39,949997
2021-04-27;Alaunstein;0;9,987499;0,0
2021-04-28;Alaunstein;4;9,987499;39,949997
2021-04-29;Alaunstein;4;9,99;39,96
2021-04-30;Alaunstein;2;9,99;19,98
2021-05-01;Alaunstein;3;9,99;29,97
2021-05-02;Alaunstein;6;9,988334;59,93
2021-05-03;Alaunstein;6;9,988334;59,93
2021-05-04;Alaunstein;2;9,99;19,98
2021-05-05;Alaunstein;7;9,988571;69,92
2021-05-06;Alaunstein;3;9,986667;29,96
2021-05-07;Alaunstein;2;9,99;19,98
2021-05-08;Alaunstein;2;9,99;19,98
2021-05-09;Alaunstein;9;9,987778;89,89
2021-05-10;Alaunstein;3;9,985;29,954998
2021-05-11;Alaunstein;3;9,99;29,97
2021-05-12;Alaunstein;2;9,985;19,97
2021-05-13;Alaunstein;3;9,986667;29,96
2021-05-14;Alaunstein;4;9,987499;39,949997
2021-05-15;Alaunstein;9;9,99;89,909996
2021-05-16;Alaunstein;3;9,99;29,97
2021-05-17;Alaunstein;3;9,986667;29,96
2021-05-18;Alaunstein;5;9,99;49,949997
2021-05-19;Alaunstein;7;9,987143;69,909996
2021-05-20;Alaunstein;1;9,98;9,98
2021-05-21;Alaunstein;0;9,98;0,0
2021-05-22;Alaunstein;4;9,99;39,96
2021-05-23;Alaunstein;7;9,99;69,93
2021-05-24;Alaunstein;8;9,985;79,88
2021-05-25;Alaunstein;3;9,986667;29,96
2021-05-26;Alaunstein;3;9,99;29,97
2021-05-27;Alaunstein;2;9,99;19,98
2021-05-28;Alaunstein;2;9,99;19,98
2021-05-29;Alaunstein;1;9,99;9,99
2021-05-30;Alaunstein;4;9,99;39,96
2021-05-31;Alaunstein;2;9,985;19,97
2021-06-01;Alaunstein;2;9,99;19,98
2021-06-02;Alaunstein;1;9,98;9,98
2021-06-03;Alaunstein;1;9,99;9,99
2021-06-04;Alaunstein;4;9,987499;39,949997
2021-06-05;Alaunstein;3;9,983333;29,949997
2021-06-06;Alaunstein;6;9,99;59,94
2021-06-07;Alaunstein;6;9,99;59,94
2021-06-08;Alaunstein;0;9,99;0,0
2021-06-09;Alaunstein;4;9,99;39,96
2021-06-10;Alaunstein;4;9,987499;39,949997
2021-06-11;Alaunstein;7;9,988571;69,92
2021-06-12;Alaunstein;8;9,9887495;79,909996
2021-06-13;Alaunstein;9;9,988571;89,89714
2021-06-14;Alaunstein;4;9,987499;39,949997
2021-06-15;Alaunstein;1;9,98;9,98
2021-06-16;Alaunstein;4;9,99;39,96
2021-06-17;Alaunstein;0;9,99;0,0
2021-06-18;Alaunstein;4;9,99;39,96
2021-06-19;Alaunstein;5;9,988;49,94
2021-06-20;Alaunstein;5;9,99;49,949997
2021-06-21;Alaunstein;3;9,99;29,97
2021-06-22;Alaunstein;1;9,99;9,99
2021-06-23;Alaunstein;4;9,987499;39,949997
2021-06-24;Alaunstein;3;9,99;29,97
2021-06-25;Alaunstein;1;9,99;9,99
2021-06-26;Alaunstein;4;9,99;39,96
2021-06-27;Alaunstein;4;9,99;39,96
2021-06-28;Alaunstein;5;9,99;49,949997
2021-06-29;Alaunstein;4;9,99;39,96
2021-06-30;Alaunstein;2;9,985;19,97
2021-07-01;Alaunstein;4;9,987499;39,949997
2021-07-02;Alaunstein;2;9,985;19,97
2021-07-03;Alaunstein;3;9,99;29,97
2021-07-04;Alaunstein;0;9,99;0,0
2021-07-05;Alaunstein;4;9,99;39,96
2021-07-06;Alaunstein;4;9,99;39,96
2021-07-07;Alaunstein;1;9,99;9,99
2021-07-08;Alaunstein;0;9,99;0,0
2021-07-09;Alaunstein;2;9,99;19,98
2021-07-10;Alaunstein;7;9,99;69,93
2021-07-11;Alaunstein;6;9,99;59,94
2021-07-12;Alaunstein;5;9,99;49,949997
2021-07-13;Alaunstein;3;9,99;29,97
2021-07-14;Alaunstein;1;9,99;9,99
2021-07-15;Alaunstein;2;9,985;19,97
2021-07-16;Alaunstein;7;9,99;69,93
2021-07-17;Alaunstein;8;9,9887495;79,909996
2021-07-18;Alaunstein;5;9,983999;49,92
2021-07-19;Alaunstein;6;9,988334;59,93
2021-07-20;Alaunstein;5;9,987499;49,937496
2021-07-21;Alaunstein;9;9,987778;89,89
2021-07-22;Alaunstein;3;9,99;29,97
2021-07-23;Alaunstein;6;9,986667;59,92
2021-07-24;Alaunstein;21;9,987778;209,74333
2021-07-25;Alaunstein;20;9,987059;199,74118
2021-07-26;Alaunstein;10;9,988;99,88
2021-07-27;Alaunstein;6;9,99;59,94
2021-07-28;Alaunstein;6;9,988;59,928
2021-07-29;Alaunstein;6;9,986667;59,92
2021-07-30;Alaunstein;6;9,988334;59,93
2021-07-31;Alaunstein;3;9,986667;29,96
2021-08-01;Alaunstein;6;9,99;59,94
2021-08-02;Alaunstein;6;9,99;59,94
2021-08-03;Alaunstein;9;9,99;89,909996
2021-08-04;Alaunstein;7;9,988571;69,92
2021-08-05;Alaunstein;3;9,99;29,97
2021-08-06;Alaunstein;7;9,987143;69,909996
2021-08-07;Alaunstein;2;9,99;19,98
2021-08-08;Alaunstein;9;9,988888;89,899994
2021-08-09;Alaunstein;11;9,99;109,89
2021-08-10;Alaunstein;2;9,99;19,98
2021-08-11;Alaunstein;2;9,99;19,98
2021-08-12;Alaunstein;5;9,988;49,94
2021-08-13;Alaunstein;1;9,99;9,99
2021-08-14;Alaunstein;6;9,986;59,916
2021-08-15;Alaunstein;6;9,99;59,94
2021-08-16;Alaunstein;13;9,985;129,805
2021-08-17;Alaunstein;5;9,99;49,949997
2021-08-18;Alaunstein;3;9,986667;29,96
2021-08-19;Alaunstein;3;9,99;29,97
2021-08-20;Alaunstein;5;9,988;49,94
2021-08-21;Alaunstein;9;9,986667;89,88
2021-08-22;Alaunstein;10;9,989;99,89
2021-08-23;Alaunstein;5;9,99;49,949997
2021-08-24;Alaunstein;6;9,986;59,916
2021-08-25;Alaunstein;7;9,985;69,895
2021-08-26;Alaunstein;7;9,981428;69,869995
2021-08-27;Alaunstein;5;9,988;49,94
2021-08-28;Alaunstein;6;9,99;59,94
2021-08-29;Alaunstein;9;9,99;89,909996
2021-08-30;Alaunstein;10;9,986;99,86
2021-08-31;Alaunstein;7;9,99;69,93
2021-09-01;Alaunstein;9;9,987499;89,8875
2021-09-02;Alaunstein;0;9,987499;0,0
2021-09-03;Alaunstein;1;9,98;9,98
2021-09-04;Alaunstein;14;9,983571;139,76999
2021-09-05;Alaunstein;5;9,988;49,94
2021-09-06;Alaunstein;3;9,986667;29,96
2021-09-07;Alaunstein;6;9,985;59,909996
2021-09-08;Alaunstein;3;9,99;29,97
2021-09-09;Alaunstein;9;9,98625;89,87625
2021-09-10;Alaunstein;10;9,988;99,88
2021-09-11;Alaunstein;6;9,986667;59,92
2021-09-12;Alaunstein;4;9,987499;39,949997
2021-09-13;Alaunstein;6;9,988;59,928
2021-09-14;Alaunstein;4;9,985;39,94
2021-09-15;Alaunstein;8;9,987143;79,89714
2021-09-16;Alaunstein;7;9,984285;69,89
2021-09-17;Alaunstein;9;9,987778;89,89
2021-09-18;Alaunstein;9;9,987778;89,89
2021-09-19;Alaunstein;15;9,987333;149,81
2021-09-20;Alaunstein;8;9,987499;79,899994
2021-09-21;Alaunstein;7;9,987143;69,909996
2021-09-22;Alaunstein;8;9,988571;79,90857
2021-09-23;Alaunstein;4;9,99;39,96
2021-09-24;Alaunstein;3;9,983333;29,949997
2021-09-25;Alaunstein;7;9,988571;69,92
2021-09-26;Alaunstein;5;9,985;49,925
2021-09-27;Alaunstein;7;9,99;69,93
2021-09-28;Alaunstein;3;9,99;29,97
2021-09-29;Alaunstein;6;9,988334;59,93
2021-09-30;Alaunstein;4;9,987499;39,949997
2021-10-01;Alaunstein;7;9,99;69,93
2021-10-02;Alaunstein;4;9,987499;39,949997
2021-10-03;Alaunstein;8;9,987499;79,899994
2021-10-04;Alaunstein;11;9,986667;109,85333
2021-10-05;Alaunstein;7;9,986667;69,90667
2021-10-06;Alaunstein;9;9,987499;89,8875
2021-10-07;Alaunstein;4;9,985;39,94
2021-10-08;Alaunstein;10;9,989;99,89
2021-10-09;Alaunstein;6;9,986667;59,92
2021-10-10;Alaunstein;8;9,9887495;79,909996
2021-10-11;Alaunstein;11;9,988;109,868
2021-10-12;Alaunstein;6;9,99;59,94
2021-10-13;Alaunstein;2;9,99;19,98
2021-10-14;Alaunstein;11;9,986667;109,85333
2021-10-15;Alaunstein;3;9,985;29,954998
2021-10-16;Alaunstein;7;9,988334;69,918335
2021-10-17;Alaunstein;8;9,9887495;79,909996
2021-10-18;Alaunstein;9;9,987143;89,884285
2021-10-19;Alaunstein;2;9,99;19,98
2021-10-20;Alaunstein;5;9,99;49,949997
2021-10-21;Alaunstein;3;9,99;29,97
2021-10-22;Alaunstein;8;9,98625;79,89
2021-10-23;Alaunstein;9;9,986667;89,88
2021-10-24;Alaunstein;6;9,983999;59,903996
2021-10-25;Alaunstein;9;9,985555;89,869995
2021-10-26;Alaunstein;6;9,988334;59,93
2021-10-27;Alaunstein;4;9,9825;39,93
2021-10-28;Alaunstein;6;9,988;59,928
2021-10-29;Alaunstein;7;9,987143;69,909996
2021-10-30;Alaunstein;6;9,986667;59,92
2021-10-31;Alaunstein;8;9,986667;79,89333
2021-11-01;Alaunstein;7;9,988571;69,92
2021-11-02;Alaunstein;7;9,99;69,93
2021-11-03;Alaunstein;6;9,99;59,94
2021-11-04;Alaunstein;6;9,986667;59,92
2021-11-05;Alaunstein;6;9,99;59,94
2021-11-06;Alaunstein;6;9,986;59,916
2021-11-07;Alaunstein;5;9,986;49,93
2021-11-08;Alaunstein;4;9,983333;39,93333
2021-11-09;Alaunstein;4;9,987499;39,949997
2021-11-10;Alaunstein;3;9,983333;29,949997
2021-11-11;Alaunstein;8;9,987143;79,89714
2021-11-12;Alaunstein;5;9,99;49,949997
2021-11-13;Alaunstein;7;9,99;69,93
2021-11-14;Alaunstein;5;9,988;49,94
2021-11-15;Alaunstein;2;9,99;19,98
2021-11-16;Alaunstein;3;9,983333;29,949997
2021-11-17;Alaunstein;3;9,986667;29,96
2021-11-18;Alaunstein;4;9,987499;39,949997
2021-11-19;Alaunstein;3;9,99;29,97
2021-11-20;Alaunstein;2;9,99;19,98
2021-11-21;Alaunstein;5;9,987499;49,937496
2021-11-22;Alaunstein;8;9,99;79,92
2021-11-23;Alaunstein;4;9,99;39,96
2021-11-24;Alaunstein;2;9,99;19,98
2021-11-25;Alaunstein;34;7,49;254,65999
2021-11-26;Alaunstein;81;7,4898696;606,67944
2021-11-27;Alaunstein;37;7,4896965;277,11877
2021-11-28;Alaunstein;52;7,4897914;389,46915
2021-11-29;Alaunstein;42;7,4897556;314,56973
2021-11-30;Alaunstein;5;9,986;49,93
2021-12-01;Alaunstein;3;9,986667;29,96
2021-12-02;Alaunstein;5;9,987499;49,937496
2021-12-03;Alaunstein;5;9,99;49,949997
2021-12-04;Alaunstein;4;9,985;39,94
2021-12-05;Alaunstein;16;9,989375;159,83
2021-12-06;Alaunstein;6;9,986667;59,92
2021-12-07;Alaunstein;6;9,99;59,94
2021-12-08;Alaunstein;8;9,988571;79,90857
2021-12-09;Alaunstein;3;9,99;29,97
2021-12-10;Alaunstein;14;9,988461;139,83844
2021-12-11;Alaunstein;4;9,99;39,96
2021-12-12;Alaunstein;7;9,987143;69,909996
2021-12-13;Alaunstein;8;9,98625;79,89
2021-12-14;Alaunstein;11;9,989;109,879005
2021-12-15;Alaunstein;5;9,985;49,925
2021-12-16;Alaunstein;9;9,988888;89,899994
2021-12-17;Alaunstein;6;9,986667;59,92
2021-12-18;Alaunstein;11;9,99;109,89
2021-12-19;Alaunstein;16;9,987273;159,79637
2021-12-20;Alaunstein;2;9,985;19,97
2021-12-21;Alaunstein;0;9,985;0,0
2021-12-22;Alaunstein;0;9,985;0,0
2021-12-23;Alaunstein;0;9,985;0,0
2021-12-24;Alaunstein;3;9,99;29,97
2021-12-25;Alaunstein;7;9,987143;69,909996
2021-12-26;Alaunstein;4;9,987499;39,949997
2021-12-27;Alaunstein;7;9,988571;69,92
2021-12-28;Alaunstein;4;9,987499;39,949997
2021-12-29;Alaunstein;2;9,99;19,98
2021-12-30;Alaunstein;3;9,99;29,97
2021-12-31;Alaunstein;5;9,99;49,949997
2022-01-01;Alaunstein;4;9,99;39,96
2022-01-02;Alaunstein;7;9,99;69,93
2022-01-03;Alaunstein;6;9,99;59,94
2022-01-04;Alaunstein;0;9,99;0,0
2022-01-05;Alaunstein;1;9,99;9,99
2022-01-06;Alaunstein;11;9,99;109,89
2022-01-07;Alaunstein;5;9,99;49,949997
2022-01-08;Alaunstein;1;9,98;9,98
2022-01-09;Alaunstein;8;9,9887495;79,909996
2022-01-10;Alaunstein;6;9,986667;59,92
2022-01-11;Alaunstein;2;9,99;19,98
2022-01-12;Alaunstein;6;9,986667;59,92
2022-01-13;Alaunstein;4;9,99;39,96
2022-01-14;Alaunstein;6;9,99;59,94
2022-01-15;Alaunstein;8;9,985713;79,885704
2022-01-16;Alaunstein;6;9,986667;59,92
2022-01-17;Alaunstein;4;9,987499;39,949997
2022-01-18;Alaunstein;5;9,99;49,949997
2022-01-19;Alaunstein;3;9,986667;29,96
2022-01-20;Alaunstein;2;9,99;19,98
2022-01-21;Alaunstein;3;9,99;29,97
2022-01-22;Alaunstein;7;9,987143;69,909996
2022-01-23;Alaunstein;2;9,99;19,98
2022-01-24;Alaunstein;6;9,986667;59,92
2022-01-25;Alaunstein;4;9,987499;39,949997
2022-01-26;Alaunstein;4;9,987499;39,949997
2022-01-27;Alaunstein;2;9,985;19,97
2022-01-28;Alaunstein;5;9,986;49,93
2022-01-29;Alaunstein;6;9,99;59,94
2022-01-30;Alaunstein;7;9,99;69,93
2022-01-31;Alaunstein;8;9,9887495;79,909996
2022-02-01;Alaunstein;3;9,99;29,97
2022-02-02;Alaunstein;1;9,99;9,99
2022-02-03;Alaunstein;4;9,987499;39,949997
2022-02-04;Alaunstein;8;9,988571;79,90857
2022-02-05;Alaunstein;5;9,986;49,93
2022-02-06;Alaunstein;6;9,987499;59,924995
2022-02-07;Alaunstein;1;9,99;9,99
2022-02-08;Alaunstein;4;9,99;39,96
2022-02-09;Alaunstein;5;9,987499;49,937496
2022-02-10;Alaunstein;1;9,987499;9,987499
2022-02-11;Alaunstein;2;9,98;19,96
2022-02-12;Alaunstein;3;9,99;29,97
2022-02-13;Alaunstein;5;9,986;49,93
2022-02-14;Alaunstein;6;9,99;59,94
2022-02-15;Alaunstein;6;9,99;59,94
2022-02-16;Alaunstein;6;9,99;59,94
2022-02-17;Alaunstein;4;9,987499;39,949997
2022-02-18;Alaunstein;1;9,987499;9,987499
2022-02-19;Alaunstein;3;9,99;29,97
2022-02-20;Alaunstein;3;9,986667;29,96
2022-02-21;Alaunstein;2;9,99;19,98
2022-02-22;Alaunstein;1;9,99;9,99
2022-02-23;Alaunstein;4;9,99;39,96
2022-02-24;Alaunstein;2;9,985;19,97
2022-02-25;Alaunstein;4;9,99;39,96
2022-02-26;Alaunstein;6;9,986667;59,92
2022-02-27;Alaunstein;3;9,99;29,97
2022-02-28;Alaunstein;4;9,99;39,96
2022-03-01;Alaunstein;6;9,99;59,94
2022-03-02;Alaunstein;3;9,99;29,97
2022-03-03;Alaunstein;3;9,99;29,97
2022-03-04;Alaunstein;3;9,99;29,97
2022-03-05;Alaunstein;2;9,99;19,98
2022-03-06;Alaunstein;6;9,986667;59,92
2022-03-07;Alaunstein;4;9,985;39,94
2022-03-08;Alaunstein;3;9,99;29,97
2022-03-09;Alaunstein;3;9,99;29,97
2022-03-10;Alaunstein;4;9,987499;39,949997
2022-03-11;Alaunstein;4;9,99;39,96
2022-03-12;Alaunstein;2;9,99;19,98
2022-03-13;Alaunstein;6;9,99;59,94
2022-03-14;Alaunstein;2;9,99;19,98
2022-03-15;Alaunstein;7;9,99;69,93
2022-03-16;Alaunstein;1;9,99;9,99
2022-03-17;Alaunstein;4;9,987499;39,949997
2022-03-18;Alaunstein;2;9,99;19,98
2022-03-19;Alaunstein;6;9,99;59,94
2022-03-20;Alaunstein;5;9,99;49,949997
2022-03-21;Alaunstein;5;9,988;49,94
2022-03-22;Alaunstein;7;9,985;69,895
2022-03-23;Alaunstein;5;9,988;49,94
2022-03-24;Alaunstein;4;9,99;39,96
2022-03-25;Alaunstein;9;9,9887495;89,89874
2022-03-26;Alaunstein;4;9,99;39,96
2022-03-27;Alaunstein;6;9,99;59,94
2022-03-28;Alaunstein;5;9,988;49,94
2022-03-29;Alaunstein;2;9,99;19,98
2022-03-30;Alaunstein;2;9,99;19,98
2022-03-31;Alaunstein;4;9,985;39,94
2022-04-01;Alaunstein;4;9,985;39,94
2022-04-02;Alaunstein;4;9,987499;39,949997
2022-04-03;Alaunstein;19;9,987894;189,76999
2022-04-04;Alaunstein;5;9,988;49,94
2022-04-05;Alaunstein;12;9,988888;119,86665
2022-04-06;Alaunstein;2;9,99;19,98
2022-04-07;Alaunstein;2;9,99;19,98
2022-04-08;Alaunstein;6;9,99;59,94
2022-04-09;Alaunstein;10;9,987778;99,87778
2022-04-10;Alaunstein;6;9,983333;59,899994
2022-04-11;Alaunstein;10;9,99;99,899994
2022-04-12;Alaunstein;5;9,986;49,93
2022-04-13;Alaunstein;11;9,988181;109,869995
2022-04-14;Alaunstein;6;9,986;59,916
2022-04-15;Alaunstein;13;9,986923;129,83
2022-04-16;Alaunstein;4;9,987499;39,949997
2022-04-17;Alaunstein;6;9,988334;59,93
2022-04-18;Alaunstein;19;9,987647;189,76529
2022-04-19;Alaunstein;4;9,987499;39,949997
2022-04-20;Alaunstein;3;9,99;29,97
2022-04-21;Alaunstein;4;9,987499;39,949997
2022-04-22;Alaunstein;7;9,986667;69,90667
2022-04-23;Alaunstein;2;9,99;19,98
2022-04-24;Alaunstein;13;9,9875;129,83751
2022-04-25;Alaunstein;5;9,988;49,94
2022-04-26;Alaunstein;4;9,99;39,96
2022-04-27;Alaunstein;6;9,985;59,909996
2022-04-28;Alaunstein;11;9,986363;109,85
2022-04-29;Alaunstein;7;9,987143;69,909996
2022-04-30;Alaunstein;3;9,986667;29,96
2022-05-01;Alaunstein;5;9,988;49,94
2022-05-02;Alaunstein;1;9,99;9,99
2022-05-03;Alaunstein;8;9,987143;79,89714
2022-05-04;Alaunstein;4;9,99;39,96
2022-05-05;Alaunstein;4;9,99;39,96
2022-05-06;Alaunstein;3;9,99;29,97
2022-05-07;Alaunstein;4;9,987499;39,949997
2022-05-08;Alaunstein;2;9,99;19,98
2022-05-09;Alaunstein;6;9,985;59,909996
2022-05-10;Alaunstein;3;9,986667;29,96
2022-05-11;Alaunstein;3;9,986667;29,96
2022-05-12;Alaunstein;1;9,98;9,98
2022-05-13;Alaunstein;4;9,98;39,92
2022-05-14;Alaunstein;5;9,983999;49,92
2022-05-15;Alaunstein;3;9,99;29,97
2022-05-16;Alaunstein;5;9,988;49,94
2022-05-17;Alaunstein;1;9,99;9,99
2022-05-18;Alaunstein;2;9,99;19,98
2022-05-19;Alaunstein;3;9,99;29,97
2022-05-20;Alaunstein;0;9,99;0,0
2022-05-21;Alaunstein;7;9,988;69,916
2022-05-22;Alaunstein;9;9,99;89,909996
2022-05-23;Alaunstein;5;9,986667;49,933334
2022-05-24;Alaunstein;8;9,987499;79,899994
2022-05-25;Alaunstein;2;9,99;19,98
2022-05-26;Alaunstein;3;9,99;29,97
2022-05-27;Alaunstein;3;9,99;29,97
2022-05-28;Alaunstein;7;9,988571;69,92
2022-05-29;Alaunstein;6;9,986667;59,92
2022-05-30;Alaunstein;6;9,988334;59,93
2022-05-31;Alaunstein;4;9,99;39,96
2022-06-01;Alaunstein;4;9,987499;39,949997
2022-06-02;Alaunstein;6;9,988;59,928
2022-06-03;Alaunstein;2;9,985;19,97
2022-06-04;Alaunstein;7;9,988571;69,92
2022-06-05;Alaunstein;4;9,987499;39,949997
2022-06-06;Alaunstein;6;9,985;59,909996
2022-06-07;Alaunstein;4;9,987499;39,949997
2022-06-08;Alaunstein;6;9,988334;59,93
2022-06-09;Alaunstein;5;9,988;49,94
2022-06-10;Alaunstein;3;9,99;29,97
2022-06-11;Alaunstein;6;9,986667;59,92
2022-06-12;Alaunstein;5;9,99;49,949997
2022-06-13;Alaunstein;6;9,986667;59,92
2022-06-14;Alaunstein;5;9,986;49,93
2022-06-15;Alaunstein;1;9,99;9,99
2022-06-16;Alaunstein;9;9,987499;89,8875
2022-06-17;Alaunstein;8;9,9887495;79,909996
2022-06-18;Alaunstein;3;9,986667;29,96
2022-06-19;Alaunstein;8;9,987499;79,899994
2022-06-20;Alaunstein;7;9,987143;69,909996
2022-06-21;Alaunstein;6;9,986667;59,92
2022-06-22;Alaunstein;2;9,99;19,98
2022-06-23;Alaunstein;8;9,985;79,88
2022-06-24;Alaunstein;5;9,988;49,94
2022-06-25;Alaunstein;7;9,988571;69,92
2022-06-26;Alaunstein;16;9,988;159,808
2022-06-27;Alaunstein;8;9,983749;79,869995
2022-06-28;Alaunstein;8;9,9887495;79,909996
2022-06-29;Alaunstein;11;9,9869995;109,856995
2022-06-30;Alaunstein;16;9,988125;159,81
2022-07-01;Alaunstein;7;9,986667;69,90667
2022-07-02;Alaunstein;10;9,99;99,899994
2022-07-03;Alaunstein;13;9,989231;129,86
2022-07-04;Alaunstein;9;9,987778;89,89
2022-07-05;Alaunstein;10;9,988;99,88
2022-07-06;Alaunstein;10;9,986;99,86
2022-07-07;Alaunstein;10;9,989;99,89
2022-07-08;Alaunstein;9;9,985555;89,869995
2022-07-09;Alaunstein;16;9,988125;159,81
2022-07-10;Alaunstein;11;9,985455;109,84
2022-07-11;Alaunstein;13;9,986923;129,83
2022-07-12;Alaunstein;9;9,98625;89,87625
2022-07-13;Alaunstein;5;9,988;49,94
2022-07-14;Alaunstein;9;9,99;89,909996
2022-07-15;Alaunstein;6;9,988;59,928
2022-07-16;Alaunstein;6;9,99;59,94
2022-07-17;Alaunstein;5;9,988;49,94
2022-07-18;Alaunstein;7;9,988334;69,918335
2022-07-19;Alaunstein;4;9,99;39,96
2022-07-20;Alaunstein;6;9,99;59,94
2022-07-21;Alaunstein;5;9,986667;49,933334
2022-07-22;Alaunstein;3;9,99;29,97
2022-07-23;Alaunstein;8;9,99;79,92
2022-07-24;Alaunstein;11;9,989091;109,88
2022-07-25;Alaunstein;6;9,988334;59,93
2022-07-26;Alaunstein;7;9,984285;69,89
2022-07-27;Alaunstein;2;9,985;19,97
2022-07-28;Alaunstein;2;9,98;19,96
2022-07-29;Alaunstein;7;9,987143;69,909996
2022-07-30;Alaunstein;5;9,99;49,949997
2022-07-31;Alaunstein;6;9,986667;59,92
2022-08-01;Alaunstein;5;9,986;49,93
2022-08-02;Alaunstein;3;9,983333;29,949997
2022-08-03;Alaunstein;3;9,986667;29,96
2022-08-04;Alaunstein;6;9,988334;59,93
2022-08-05;Alaunstein;1;9,98;9,98
2022-08-06;Alaunstein;9;9,988888;89,899994
2022-08-07;Alaunstein;9;9,987499;89,8875
2022-08-08;Alaunstein;7;9,99;69,93
2022-08-09;Alaunstein;9;9,98625;89,87625
2022-08-10;Alaunstein;9;9,987499;89,8875
2022-08-11;Alaunstein;4;9,987499;39,949997
2022-08-12;Alaunstein;10;9,987499;99,87499
2022-08-13;Alaunstein;4;9,987499;39,949997
2022-08-14;Alaunstein;5;9,986;49,93
2022-08-15;Alaunstein;8;9,9887495;79,909996
2022-08-16;Alaunstein;4;9,99;39,96
2022-08-17;Alaunstein;7;9,987143;69,909996
2022-08-18;Alaunstein;5;9,988;49,94
2022-08-19;Alaunstein;2;9,99;19,98
2022-08-20;Alaunstein;5;9,986;49,93
2022-08-21;Alaunstein;8;9,988571;79,90857
2022-08-22;Alaunstein;7;9,988334;69,918335
2022-08-23;Alaunstein;3;9,99;29,97
2022-08-24;Alaunstein;5;9,983999;49,92
2022-08-25;Alaunstein;4;9,983333;39,93333
2022-08-26;Alaunstein;7;9,986667;69,90667
2022-08-27;Alaunstein;8;9,987143;79,89714
2022-08-28;Alaunstein;8;9,985;79,88
2022-08-29;Alaunstein;6;9,988334;59,93
2022-08-30;Alaunstein;4;9,99;39,96
2022-08-31;Alaunstein;2;9,99;19,98
2022-09-01;Alaunstein;5;9,988;49,94
2022-09-02;Alaunstein;4;9,986667;39,946667
2022-09-03;Alaunstein;8;9,987143;79,89714
2022-09-04;Alaunstein;8;9,987143;79,89714
2022-09-05;Alaunstein;6;9,986;59,916
2022-09-06;Alaunstein;1;9,99;9,99
2022-09-07;Alaunstein;8;9,9887495;79,909996
2022-09-08;Alaunstein;8;9,985713;79,885704
2022-09-09;Alaunstein;0;9,985713;0,0
2022-09-10;Alaunstein;1;9,99;9,99
2022-09-11;Alaunstein;5;9,99;49,949997
2022-09-12;Alaunstein;4;9,985;39,94
2022-09-13;Alaunstein;4;9,987499;39,949997
2022-09-14;Alaunstein;5;9,987499;49,937496
2022-09-15;Alaunstein;2;9,99;19,98
2022-09-16;Alaunstein;5;9,983999;49,92
2022-09-17;Alaunstein;5;9,987499;49,937496
2022-09-18;Alaunstein;2;9,985;19,97
2022-09-19;Alaunstein;2;9,985;19,97
2022-09-20;Alaunstein;3;9,99;29,97
2022-09-21;Alaunstein;3;9,985;29,954998
2022-09-22;Alaunstein;3;9,99;29,97
2022-09-23;Alaunstein;3;9,99;29,97
2022-09-24;Alaunstein;5;9,986;49,93
2022-09-25;Alaunstein;6;9,988334;59,93
2022-09-26;Alaunstein;7;9,985;69,895
2022-09-27;Alaunstein;2;9,985;19,97
2022-09-28;Alaunstein;0;9,985;0,0
2022-09-29;Alaunstein;3;9,99;29,97
2022-09-30;Alaunstein;5;7,4925;37,462498
2022-10-01;Alaunstein;3;9,99;29,97
2022-10-02;Alaunstein;7;9,985713;69,899994
2022-10-03;Alaunstein;10;9,988888;99,88888
2022-10-04;Alaunstein;4;9,99;39,96
2022-10-05;Alaunstein;5;5,9919996;29,96
2022-10-06;Alaunstein;3;9,99;29,97
2022-10-07;Alaunstein;3;9,99;29,97
2022-10-08;Alaunstein;3;9,99;29,97
2022-10-09;Alaunstein;4;9,987499;39,949997
2022-10-10;Alaunstein;5;9,986;49,93
2022-10-11;Alaunstein;3;9,986667;29,96
2022-10-12;Alaunstein;2;9,98;19,96
2022-10-13;Alaunstein;0;9,98;0,0
2022-10-14;Alaunstein;0;9,98;0,0
2022-10-15;Alaunstein;9;9,986667;89,88
2022-10-16;Alaunstein;5;7,9919996;39,96
2022-10-17;Alaunstein;5;9,986;49,93
2022-10-18;Alaunstein;2;9,985;19,97
2022-10-19;Alaunstein;1;9,99;9,99
2022-10-20;Alaunstein;5;9,99;49,949997
2020-05-09;Rasierer;1;29,99;29,99
2020-05-10;Rasierer;2;29,99;59,98
2020-05-11;Rasierer;0;29,99;0,0
2020-05-12;Rasierer;0;29,99;0,0
2020-05-13;Rasierer;0;29,99;0,0
2020-05-14;Rasierer;0;29,99;0,0
2020-05-15;Rasierer;0;29,99;0,0
2020-05-16;Rasierer;0;29,99;0,0
2020-05-17;Rasierer;0;29,99;0,0
2020-05-18;Rasierer;0;29,99;0,0
2020-05-19;Rasierer;0;29,99;0,0
2020-05-20;Rasierer;0;29,99;0,0
2020-05-21;Rasierer;0;29,99;0,0
2020-05-22;Rasierer;0;29,99;0,0
2020-05-23;Rasierer;0;29,99;0,0
2020-05-24;Rasierer;0;29,99;0,0
2020-05-25;Rasierer;0;29,99;0,0
2020-05-26;Rasierer;0;29,99;0,0
2020-05-27;Rasierer;0;29,99;0,0
2020-05-28;Rasierer;0;29,99;0,0
2020-05-29;Rasierer;0;29,99;0,0
2020-05-30;Rasierer;0;29,99;0,0
2020-05-31;Rasierer;0;29,99;0,0
2020-06-01;Rasierer;0;29,99;0,0
2020-06-02;Rasierer;0;29,99;0,0
2020-06-03;Rasierer;0;29,99;0,0
2020-06-04;Rasierer;0;29,99;0,0
2020-06-05;Rasierer;0;29,99;0,0
2020-06-06;Rasierer;0;29,99;0,0
2020-06-07;Rasierer;0;29,99;0,0
2020-06-08;Rasierer;0;29,99;0,0
2020-06-09;Rasierer;0;29,99;0,0
2020-06-10;Rasierer;0;29,99;0,0
2020-06-11;Rasierer;0;29,99;0,0
2020-06-12;Rasierer;0;29,99;0,0
2020-06-13;Rasierer;0;29,99;0,0
2020-06-14;Rasierer;0;29,99;0,0
2020-06-15;Rasierer;0;29,99;0,0
2020-06-16;Rasierer;0;29,99;0,0
2020-06-17;Rasierer;0;29,99;0,0
2020-06-18;Rasierer;0;29,99;0,0
2020-06-19;Rasierer;0;29,99;0,0
2020-06-20;Rasierer;0;29,99;0,0
2020-06-21;Rasierer;0;29,99;0,0
2020-06-22;Rasierer;0;29,99;0,0
2020-06-23;Rasierer;0;29,99;0,0
2020-06-24;Rasierer;0;29,99;0,0
2020-06-25;Rasierer;0;29,99;0,0
2020-06-26;Rasierer;0;29,99;0,0
2020-06-27;Rasierer;0;29,99;0,0
2020-06-28;Rasierer;0;29,99;0,0
2020-06-29;Rasierer;0;29,99;0,0
2020-06-30;Rasierer;0;29,99;0,0
2020-07-01;Rasierer;0;29,99;0,0
2020-07-02;Rasierer;0;29,99;0,0
2020-07-03;Rasierer;0;29,99;0,0
2020-07-04;Rasierer;0;29,99;0,0
2020-07-05;Rasierer;1;29,99;29,99
2020-07-06;Rasierer;3;29,99;89,97
2020-07-07;Rasierer;2;29,99;59,98
2020-07-08;Rasierer;2;29,985;59,97
2020-07-09;Rasierer;0;29,985;0,0
2020-07-10;Rasierer;1;29,99;29,99
2020-07-11;Rasierer;5;29,99;149,95
2020-07-12;Rasierer;2;29,99;59,98
2020-07-13;Rasierer;1;29,99;29,99
2020-07-14;Rasierer;1;29,99;29,99
2020-07-15;Rasierer;0;29,99;0,0
2020-07-16;Rasierer;0;29,99;0,0
2020-07-17;Rasierer;0;29,99;0,0
2020-07-18;Rasierer;0;29,99;0,0
2020-07-19;Rasierer;0;29,99;0,0
2020-07-20;Rasierer;1;29,99;29,99
2020-07-21;Rasierer;0;29,99;0,0
2020-07-22;Rasierer;0;29,99;0,0
2020-07-23;Rasierer;1;29,99;29,99
2020-07-24;Rasierer;0;29,99;0,0
2020-07-25;Rasierer;1;29,98;29,98
2020-07-26;Rasierer;2;29,985;59,97
2020-07-27;Rasierer;1;29,98;29,98
2020-07-28;Rasierer;0;29,98;0,0
2020-07-29;Rasierer;0;29,98;0,0
2020-07-30;Rasierer;1;29,99;29,99
2020-07-31;Rasierer;1;29,98;29,98
2020-08-01;Rasierer;1;29,99;29,99
2020-08-02;Rasierer;0;29,99;0,0
2020-08-03;Rasierer;0;29,99;0,0
2020-08-04;Rasierer;0;29,99;0,0
2020-08-05;Rasierer;0;29,99;0,0
2020-08-06;Rasierer;1;29,98;29,98
2020-08-07;Rasierer;0;29,98;0,0
2020-08-08;Rasierer;0;29,98;0,0
2020-08-09;Rasierer;1;29,99;29,99
2020-08-10;Rasierer;2;29,99;59,98
2020-08-11;Rasierer;0;29,99;0,0
2020-08-12;Rasierer;0;29,99;0,0
2020-08-13;Rasierer;0;29,99;0,0
2020-08-14;Rasierer;0;29,99;0,0
2020-08-15;Rasierer;1;29,99;29,99
2020-08-16;Rasierer;3;29,986666;89,96
2020-08-17;Rasierer;2;29,985;59,97
2020-08-18;Rasierer;0;29,985;0,0
2020-08-19;Rasierer;5;29,99;149,95
2020-08-20;Rasierer;7;29,985714;209,9
2020-08-21;Rasierer;2;29,99;59,98
2020-08-22;Rasierer;1;29,99;29,99
2020-08-23;Rasierer;8;29,98875;239,91
2020-08-24;Rasierer;5;29,985998;149,93
2020-08-25;Rasierer;4;29,9875;119,95
2020-08-26;Rasierer;2;29,985;59,97
2020-08-27;Rasierer;4;29,9875;119,95
2020-08-28;Rasierer;1;29,99;29,99
2020-08-29;Rasierer;5;29,988;149,94
2020-08-30;Rasierer;3;29,99;89,97
2020-08-31;Rasierer;0;29,99;0,0
2020-09-01;Rasierer;5;29,99;149,95
2020-09-02;Rasierer;2;29,98;59,96
2020-09-03;Rasierer;6;29,99;179,94
2020-09-04;Rasierer;3;29,986666;89,96
2020-09-05;Rasierer;3;29,99;89,97
2020-09-06;Rasierer;5;29,988;149,94
2020-09-07;Rasierer;2;29,99;59,98
2020-09-08;Rasierer;2;29,985;59,97
2020-09-09;Rasierer;0;29,985;0,0
2020-09-10;Rasierer;1;29,99;29,99
2020-09-11;Rasierer;3;29,986666;89,96
2020-09-12;Rasierer;2;29,985;59,97
2020-09-13;Rasierer;3;29,985;89,955
2020-09-14;Rasierer;1;29,98;29,98
2020-09-15;Rasierer;1;29,99;29,99
2020-09-16;Rasierer;2;29,99;59,98
2020-09-17;Rasierer;1;29,99;29,99
2020-09-18;Rasierer;2;29,985;59,97
2020-09-19;Rasierer;1;29,99;29,99
2020-09-20;Rasierer;0;29,99;0,0
2020-09-21;Rasierer;0;29,99;0,0
2020-09-22;Rasierer;0;29,99;0,0
2020-09-23;Rasierer;0;29,99;0,0
2020-09-24;Rasierer;0;29,99;0,0
2020-09-25;Rasierer;0;29,99;0,0
2020-09-26;Rasierer;0;29,99;0,0
2020-09-27;Rasierer;0;29,99;0,0
2020-09-28;Rasierer;0;29,99;0,0
2020-09-29;Rasierer;0;29,99;0,0
2020-09-30;Rasierer;0;29,99;0,0
2020-10-01;Rasierer;0;29,99;0,0
2020-10-02;Rasierer;0;29,99;0,0
2020-10-03;Rasierer;3;29,99;89,97
2020-10-04;Rasierer;3;29,986666;89,96
2020-10-05;Rasierer;1;29,98;29,98
2020-10-06;Rasierer;1;29,99;29,99
2020-10-07;Rasierer;0;29,99;0,0
2020-10-08;Rasierer;0;29,99;0,0
2020-10-09;Rasierer;1;29,99;29,99
2020-10-10;Rasierer;0;29,99;0,0
2020-10-11;Rasierer;1;29,98;29,98
2020-10-12;Rasierer;1;29,99;29,99
2020-10-13;Rasierer;0;29,99;0,0
2020-10-14;Rasierer;0;29,99;0,0
2020-10-15;Rasierer;1;29,99;29,99
2020-10-16;Rasierer;0;29,99;0,0
2020-10-17;Rasierer;0;29,99;0,0
2020-10-18;Rasierer;1;29,99;29,99
2020-10-19;Rasierer;1;29,98;29,98
2020-10-20;Rasierer;0;29,98;0,0
2020-10-21;Rasierer;0;29,98;0,0
2020-10-22;Rasierer;0;29,98;0,0
2020-10-23;Rasierer;1;29,99;29,99
2020-10-24;Rasierer;0;29,99;0,0
2020-10-25;Rasierer;2;29,985;59,97
2020-10-26;Rasierer;0;29,985;0,0
2020-10-27;Rasierer;0;29,985;0,0
2020-10-28;Rasierer;0;29,985;0,0
2020-10-29;Rasierer;1;29,99;29,99
2020-10-30;Rasierer;1;29,99;29,99
2020-10-31;Rasierer;2;29,985;59,97
2020-11-01;Rasierer;1;29,98;29,98
2020-11-02;Rasierer;2;29,985;59,97
2020-11-03;Rasierer;1;29,98;29,98
2020-11-04;Rasierer;2;29,99;59,98
2020-11-05;Rasierer;1;29,99;29,99
2020-11-06;Rasierer;1;29,99;29,99
2020-11-07;Rasierer;0;29,99;0,0
2020-11-08;Rasierer;0;29,99;0,0
2020-11-09;Rasierer;0;29,99;0,0
2020-11-10;Rasierer;0;29,99;0,0
2020-11-11;Rasierer;1;29,99;29,99
2020-11-12;Rasierer;0;29,99;0,0
2020-11-13;Rasierer;2;29,99;59,98
2020-11-14;Rasierer;0;29,99;0,0
2020-11-15;Rasierer;1;29,99;29,99
2020-11-16;Rasierer;2;29,99;59,98
2020-11-17;Rasierer;0;29,99;0,0
2020-11-18;Rasierer;1;29,99;29,99
2020-11-19;Rasierer;1;29,99;29,99
2020-11-20;Rasierer;1;29,99;29,99
2020-11-21;Rasierer;1;29,98;29,98
2020-11-22;Rasierer;1;29,99;29,99
2020-11-23;Rasierer;2;29,985;59,97
2020-11-24;Rasierer;4;29,99;119,96
2020-11-25;Rasierer;2;29,99;59,98
2020-11-26;Rasierer;0;29,99;0,0
2020-11-27;Rasierer;28;22,49;629,72
2020-11-28;Rasierer;7;22,49;157,43
2020-11-29;Rasierer;10;22,49;224,9
2020-11-30;Rasierer;4;22,49;89,96
2020-12-01;Rasierer;0;22,49;0,0
2020-12-02;Rasierer;0;22,49;0,0
2020-12-03;Rasierer;2;29,985;59,97
2020-12-04;Rasierer;1;29,99;29,99
2020-12-05;Rasierer;0;29,99;0,0
2020-12-06;Rasierer;1;29,99;29,99
2020-12-07;Rasierer;2;29,99;59,98
2020-12-08;Rasierer;1;29,98;29,98
2020-12-09;Rasierer;7;29,987143;209,91
2020-12-10;Rasierer;4;29,985;119,94
2020-12-11;Rasierer;0;29,985;0,0
2020-12-12;Rasierer;4;29,99;119,96
2020-12-13;Rasierer;14;29,98643;419,81
2020-12-14;Rasierer;3;29,983332;89,95
2020-12-15;Rasierer;6;29,986666;179,92
2020-12-16;Rasierer;21;29,983332;629,64996
2020-12-17;Rasierer;17;29,982351;509,69998
2020-12-18;Rasierer;11;29,987272;329,86
2020-12-19;Rasierer;1;29,99;29,99
2020-12-20;Rasierer;6;29,988333;179,93
2020-12-21;Rasierer;2;29,985;59,97
2020-12-22;Rasierer;2;29,99;59,98
2020-12-23;Rasierer;1;29,99;29,99
2020-12-24;Rasierer;0;29,99;0,0
2020-12-25;Rasierer;4;29,985;119,94
2020-12-26;Rasierer;3;29,986666;89,96
2020-12-27;Rasierer;1;29,99;29,99
2020-12-28;Rasierer;0;29,99;0,0
2020-12-29;Rasierer;0;29,99;0,0
2020-12-30;Rasierer;3;29,983332;89,95
2020-12-31;Rasierer;2;29,99;59,98
2021-01-01;Rasierer;1;29,99;29,99
2021-01-02;Rasierer;1;29,99;29,99
2021-01-03;Rasierer;1;29,99;29,99
2021-01-04;Rasierer;4;29,99;119,96
2021-01-05;Rasierer;1;29,99;29,99
2021-01-06;Rasierer;2;29,99;59,98
2021-01-07;Rasierer;1;29,99;29,99
2021-01-08;Rasierer;1;29,99;29,99
2021-01-09;Rasierer;0;29,99;0,0
2021-01-10;Rasierer;1;29,99;29,99
2021-01-11;Rasierer;1;29,99;29,99
2021-01-12;Rasierer;2;29,99;59,98
2021-01-13;Rasierer;0;29,99;0,0
2021-01-14;Rasierer;4;29,99;119,96
2021-01-15;Rasierer;0;29,99;0,0
2021-01-16;Rasierer;0;29,99;0,0
2021-01-17;Rasierer;0;29,99;0,0
2021-01-18;Rasierer;1;29,99;29,99
2021-01-19;Rasierer;1;29,99;29,99
2021-01-20;Rasierer;0;29,99;0,0
2021-01-21;Rasierer;2;29,99;59,98
2021-01-22;Rasierer;0;29,99;0,0
2021-01-23;Rasierer;3;29,99;89,97
2021-01-24;Rasierer;1;29,99;29,99
2021-01-25;Rasierer;1;29,99;29,99
2021-01-26;Rasierer;1;29,99;29,99
2021-01-27;Rasierer;2;29,99;59,98
2021-01-28;Rasierer;0;29,99;0,0
2021-01-29;Rasierer;1;29,99;29,99
2021-01-30;Rasierer;0;29,99;0,0
2021-01-31;Rasierer;0;29,99;0,0
2021-02-01;Rasierer;1;29,99;29,99
2021-02-02;Rasierer;1;29,99;29,99
2021-02-03;Rasierer;1;29,99;29,99
2021-02-04;Rasierer;1;29,99;29,99
2021-02-05;Rasierer;1;29,99;29,99
2021-02-06;Rasierer;0;29,99;0,0
2021-02-07;Rasierer;1;29,99;29,99
2021-02-08;Rasierer;0;29,99;0,0
2021-02-09;Rasierer;0;29,99;0,0
2021-02-10;Rasierer;0;29,99;0,0
2021-02-11;Rasierer;6;29,99;179,94
2021-02-12;Rasierer;4;29,99;119,96
2021-02-13;Rasierer;4;29,99;119,96
2021-02-14;Rasierer;5;29,99;149,95
2021-02-15;Rasierer;2;29,99;59,98
2021-02-16;Rasierer;2;29,99;59,98
2021-02-17;Rasierer;1;29,99;29,99
2021-02-18;Rasierer;2;29,99;59,98
2021-02-19;Rasierer;3;29,99;89,97
2021-02-20;Rasierer;2;29,99;59,98
2021-02-21;Rasierer;5;29,99;149,95
2021-02-22;Rasierer;3;29,99;89,97
2021-02-23;Rasierer;5;29,99;149,95
2021-02-24;Rasierer;1;29,99;29,99
2021-02-25;Rasierer;0;29,99;0,0
2021-02-26;Rasierer;0;29,99;0,0
2021-02-27;Rasierer;0;29,99;0,0
2021-02-28;Rasierer;0;29,99;0,0
2021-03-01;Rasierer;0;29,99;0,0
2021-03-02;Rasierer;6;29,99;179,94
2021-03-03;Rasierer;17;29,99;509,83
2021-03-04;Rasierer;11;29,99;329,88998
2021-03-05;Rasierer;9;29,99;269,91
2021-03-06;Rasierer;11;29,989998;329,88998
2021-03-07;Rasierer;14;29,99;419,86
2021-03-08;Rasierer;11;29,989998;329,88998
2021-03-09;Rasierer;7;29,99;209,93
2021-03-10;Rasierer;13;29,99;389,87
2021-03-11;Rasierer;12;29,989998;359,87997
2021-03-12;Rasierer;17;29,99;509,83
2021-03-13;Rasierer;22;29,99;659,77997
2021-03-14;Rasierer;20;29,99;599,8
2021-03-15;Rasierer;14;29,99;419,86
2021-03-16;Rasierer;18;29,99;539,82
2021-03-17;Rasierer;14;29,99;419,86
2021-03-18;Rasierer;19;29,99;569,81
2021-03-19;Rasierer;11;29,989998;329,88998
2021-03-20;Rasierer;21;29,99;629,79
2021-03-21;Rasierer;12;29,99;359,88
2021-03-22;Rasierer;12;29,99;359,88
2021-03-23;Rasierer;7;29,99;209,93
2021-03-24;Rasierer;7;29,99;209,93
2021-03-25;Rasierer;7;29,99;209,93
2021-03-26;Rasierer;7;29,99;209,93
2021-03-27;Rasierer;7;29,99;209,93
2021-03-28;Rasierer;7;29,99;209,93
2021-03-29;Rasierer;7;29,99;209,93
2021-03-30;Rasierer;7;29,99;209,93
2021-03-31;Rasierer;7;29,99;209,93
2021-04-01;Rasierer;7;29,99;209,93
2021-04-02;Rasierer;7;29,99;209,93
2021-04-03;Rasierer;7;29,99;209,93
2021-04-04;Rasierer;7;29,99;209,93
2021-04-05;Rasierer;7;29,99;209,93
2021-04-06;Rasierer;7;29,99;209,93
2021-04-07;Rasierer;7;29,99;209,93
2021-04-08;Rasierer;7;29,99;209,93
2021-04-09;Rasierer;7;29,99;209,93
2021-04-10;Rasierer;7;29,99;209,93
2021-04-11;Rasierer;7;29,99;209,93
2021-04-12;Rasierer;7;29,99;209,93
2021-04-13;Rasierer;7;29,99;209,93
2021-04-14;Rasierer;7;29,99;209,93
2021-04-15;Rasierer;7;29,99;209,93
2021-04-16;Rasierer;7;29,99;209,93
2021-04-17;Rasierer;7;29,99;209,93
2021-04-18;Rasierer;7;29,99;209,93
2021-04-19;Rasierer;7;29,99;209,93
2021-04-20;Rasierer;7;29,99;209,93
2021-04-21;Rasierer;7;29,99;209,93
2021-04-22;Rasierer;7;29,99;209,93
2021-04-23;Rasierer;7;29,99;209,93
2021-04-24;Rasierer;5;29,99;149,95
2021-04-25;Rasierer;2;29,99;59,98
2021-04-26;Rasierer;3;29,99;89,97
2021-04-27;Rasierer;4;29,99;119,96
2021-04-28;Rasierer;2;29,99;59,98
2021-04-29;Rasierer;4;29,99;119,96
2021-04-30;Rasierer;4;29,99;119,96
2021-05-01;Rasierer;9;29,99;269,91
2021-05-02;Rasierer;14;29,99;419,86
2021-05-03;Rasierer;14;29,99;419,86
2021-05-04;Rasierer;6;29,99;179,94
2021-05-05;Rasierer;12;29,99;359,88
2021-05-06;Rasierer;6;29,99;179,94
2021-05-07;Rasierer;8;29,99;239,92
2021-05-08;Rasierer;3;29,99;89,97
2021-05-09;Rasierer;13;29,99;389,87
2021-05-10;Rasierer;14;29,99;419,86
2021-05-11;Rasierer;6;29,99;179,94
2021-05-12;Rasierer;8;29,99;239,92
2021-05-13;Rasierer;11;29,99;329,88998
2021-05-14;Rasierer;8;29,99;239,92
2021-05-15;Rasierer;6;29,99;179,94
2021-05-16;Rasierer;9;29,99;269,91
2021-05-17;Rasierer;8;29,99;239,92
2021-05-18;Rasierer;6;29,99;179,94
2021-05-19;Rasierer;5;29,99;149,95
2021-05-20;Rasierer;6;29,99;179,94
2021-05-21;Rasierer;11;29,989998;329,88998
2021-05-22;Rasierer;2;29,99;59,98
2021-05-23;Rasierer;7;29,99;209,93
2021-05-24;Rasierer;11;29,99;329,88998
2021-05-25;Rasierer;4;29,99;119,96
2021-05-26;Rasierer;9;29,99;269,91
2021-05-27;Rasierer;10;29,99;299,9
2021-05-28;Rasierer;1;29,99;29,99
2021-05-29;Rasierer;1;29,99;29,99
2021-05-30;Rasierer;2;29,99;59,98
2021-05-31;Rasierer;3;29,99;89,97
2021-06-01;Rasierer;3;29,99;89,97
2021-06-02;Rasierer;4;29,99;119,96
2021-06-03;Rasierer;6;29,99;179,94
2021-06-04;Rasierer;6;29,99;179,94
2021-06-05;Rasierer;10;29,99;299,9
2021-06-06;Rasierer;12;29,99;359,88
2021-06-07;Rasierer;5;29,99;149,95
2021-06-08;Rasierer;7;29,99;209,93
2021-06-09;Rasierer;13;29,99;389,87
2021-06-10;Rasierer;11;29,989998;329,88998
2021-06-11;Rasierer;11;29,989998;329,88998
2021-06-12;Rasierer;5;29,99;149,95
2021-06-13;Rasierer;5;29,99;149,95
2021-06-14;Rasierer;6;29,99;179,94
2021-06-15;Rasierer;6;29,99;179,94
2021-06-16;Rasierer;4;29,99;119,96
2021-06-17;Rasierer;7;29,99;209,93
2021-06-18;Rasierer;6;29,99;179,94
2021-06-19;Rasierer;3;29,99;89,97
2021-06-20;Rasierer;7;29,99;209,93
2021-06-21;Rasierer;2;29,99;59,98
2021-06-22;Rasierer;5;29,99;149,95
2021-06-23;Rasierer;5;29,99;149,95
2021-06-24;Rasierer;3;29,99;89,97
2021-06-25;Rasierer;6;29,99;179,94
2021-06-26;Rasierer;10;29,99;299,9
2021-06-27;Rasierer;10;29,99;299,9
2021-06-28;Rasierer;10;29,99;299,9
2021-06-29;Rasierer;10;29,99;299,9
2021-06-30;Rasierer;10;29,99;299,9
2021-07-01;Rasierer;10;29,99;299,9
2021-07-02;Rasierer;10;29,99;299,9
2021-07-03;Rasierer;10;29,99;299,9
2021-07-04;Rasierer;10;29,99;299,9
2021-07-05;Rasierer;10;29,99;299,9
2021-07-06;Rasierer;10;29,99;299,9
2021-07-07;Rasierer;10;29,99;299,9
2021-07-08;Rasierer;10;29,99;299,9
2021-07-09;Rasierer;10;29,99;299,9
2021-07-10;Rasierer;10;29,99;299,9
2021-07-11;Rasierer;10;29,99;299,9
2021-07-12;Rasierer;10;29,99;299,9
2021-07-13;Rasierer;6;29,99;179,94
2021-07-14;Rasierer;14;29,99;419,86
2021-07-15;Rasierer;15;29,99;449,85
2021-07-16;Rasierer;12;29,99;359,88
2021-07-17;Rasierer;16;29,99;479,84
2021-07-18;Rasierer;19;29,99;569,81
2021-07-19;Rasierer;16;29,99;479,84
2021-07-20;Rasierer;16;29,99;479,84
2021-07-21;Rasierer;20;29,99;599,8
2021-07-22;Rasierer;15;29,99;449,85
2021-07-23;Rasierer;15;29,99;449,85
2021-07-24;Rasierer;22;29,989998;659,77997
2021-07-25;Rasierer;31;29,99;929,69
2021-07-26;Rasierer;19;29,99;569,81
2021-07-27;Rasierer;16;29,99;479,84
2021-07-28;Rasierer;17;29,99;509,83
2021-07-29;Rasierer;13;29,99;389,87
2021-07-30;Rasierer;12;29,99;359,88
2021-07-31;Rasierer;11;29,989998;329,88998
2021-08-01;Rasierer;16;29,99;479,84
2021-08-02;Rasierer;14;29,99;419,86
2021-08-03;Rasierer;18;29,99;539,82
2021-08-04;Rasierer;11;29,99;329,88998
2021-08-05;Rasierer;13;29,99;389,87
2021-08-06;Rasierer;16;29,99;479,84
2021-08-07;Rasierer;15;29,99;449,85
2021-08-08;Rasierer;15;29,99;449,85
2021-08-09;Rasierer;21;29,99;629,79
2021-08-10;Rasierer;16;29,99;479,84
2021-08-11;Rasierer;16;29,99;479,84
2021-08-12;Rasierer;19;29,99;569,81
2021-08-13;Rasierer;10;29,99;299,9
2021-08-14;Rasierer;18;29,99;539,82
2021-08-15;Rasierer;24;29,990002;719,76
2021-08-16;Rasierer;18;29,99;539,82
2021-08-17;Rasierer;20;29,99;599,8
2021-08-18;Rasierer;12;29,99;359,88
2021-08-19;Rasierer;7;29,99;209,93
2021-08-20;Rasierer;0;29,99;0,0
2021-08-21;Rasierer;0;29,99;0,0
2021-08-22;Rasierer;0;29,99;0,0
2021-08-23;Rasierer;0;29,99;0,0
2021-08-24;Rasierer;0;29,99;0,0
2021-08-25;Rasierer;0;29,99;0,0
2021-08-26;Rasierer;9;29,99;269,91
2021-08-27;Rasierer;2;29,99;59,98
2021-08-28;Rasierer;6;29,99;179,94
2021-08-29;Rasierer;11;29,989998;329,88998
2021-08-30;Rasierer;5;29,99;149,95
2021-08-31;Rasierer;9;29,99;269,91
2021-09-01;Rasierer;11;29,989092;329,88
2021-09-02;Rasierer;6;29,99;179,94
2021-09-03;Rasierer;4;29,99;119,96
2021-09-04;Rasierer;13;29,99;389,87
2021-09-05;Rasierer;6;29,99;179,94
2021-09-06;Rasierer;7;29,99;209,93
2021-09-07;Rasierer;15;29,99;449,85
2021-09-08;Rasierer;20;29,99;599,8
2021-09-09;Rasierer;21;29,99;629,79
2021-09-10;Rasierer;25;29,99;749,75
2021-09-11;Rasierer;14;29,99;419,86
2021-09-12;Rasierer;22;29,99;659,77997
2021-09-13;Rasierer;24;29,990002;719,76
2021-09-14;Rasierer;24;29,99;719,76
2021-09-15;Rasierer;24;29,989998;719,75995
2021-09-16;Rasierer;24;29,99;719,76
2021-09-17;Rasierer;14;29,989286;419,85
2021-09-18;Rasierer;16;29,99;479,84
2021-09-19;Rasierer;27;29,99;809,73
2021-09-20;Rasierer;14;29,99;419,86
2021-09-21;Rasierer;10;29,99;299,9
2021-09-22;Rasierer;17;29,99;509,83
2021-09-23;Rasierer;23;29,990002;689,77
2021-09-24;Rasierer;14;29,99;419,86
2021-09-25;Rasierer;20;29,99;599,8
2021-09-26;Rasierer;20;29,99;599,8
2021-09-27;Rasierer;17;29,99;509,83
2021-09-28;Rasierer;12;29,99;359,88
2021-09-29;Rasierer;19;29,99;569,81
2021-09-30;Rasierer;13;29,99;389,87
2021-10-01;Rasierer;21;29,99;629,79
2021-10-02;Rasierer;21;29,99;629,79
2021-10-03;Rasierer;15;29,99;449,85
2021-10-04;Rasierer;24;29,99;719,76
2021-10-05;Rasierer;22;29,99;659,77997
2021-10-06;Rasierer;23;29,989565;689,76
2021-10-07;Rasierer;25;29,99;749,75
2021-10-08;Rasierer;16;29,99;479,84
2021-10-09;Rasierer;17;29,99;509,83
2021-10-10;Rasierer;12;31,24;374,88
2021-10-11;Rasierer;16;34,99;559,84
2021-10-12;Rasierer;19;34,99;664,81006
2021-10-13;Rasierer;17;34,98941;594,81995
2021-10-14;Rasierer;13;34,98917;454,85922
2021-10-15;Rasierer;8;34,99;279,92
2021-10-16;Rasierer;12;34,99;419,88
2021-10-17;Rasierer;11;34,98909;384,88
2021-10-18;Rasierer;13;34,98923;454,86002
2021-10-19;Rasierer;13;34,99;454,87003
2021-10-20;Rasierer;13;34,99;454,87003
2021-10-21;Rasierer;12;34,99;419,88
2021-10-22;Rasierer;16;34,99;559,84
2021-10-23;Rasierer;8;34,99;279,92
2021-10-24;Rasierer;0;34,99;0,0
2021-10-25;Rasierer;0;34,99;0,0
2021-10-26;Rasierer;0;34,99;0,0
2021-10-27;Rasierer;8;34,99;279,92
2021-10-28;Rasierer;10;34,99;349,90002
2021-10-29;Rasierer;7;34,99;244,93001
2021-10-30;Rasierer;9;34,99;314,91
2021-10-31;Rasierer;5;34,99;174,95001
2021-11-01;Rasierer;7;34,99;244,93001
2021-11-02;Rasierer;11;34,99;384,89
2021-11-03;Rasierer;7;34,99;244,93001
2021-11-04;Rasierer;9;34,99;314,91
2021-11-05;Rasierer;3;34,99;104,97
2021-11-06;Rasierer;6;34,99;209,94
2021-11-07;Rasierer;14;34,99;489,86002
2021-11-08;Rasierer;11;34,99;384,89
2021-11-09;Rasierer;14;34,99;489,86002
2021-11-10;Rasierer;7;34,99;244,93001
2021-11-11;Rasierer;11;34,99;384,89
2021-11-12;Rasierer;8;34,99;279,92
2021-11-13;Rasierer;8;34,99;279,92
2021-11-14;Rasierer;13;34,99;454,87003
2021-11-15;Rasierer;9;34,99;314,91
2021-11-16;Rasierer;15;34,99;524,85004
2021-11-17;Rasierer;14;34,99;489,86002
2021-11-18;Rasierer;12;34,99;419,88
2021-11-19;Rasierer;4;34,99;139,96
2021-11-20;Rasierer;13;34,99;454,87003
2021-11-21;Rasierer;8;34,99;279,92
2021-11-22;Rasierer;10;34,99;349,90002
2021-11-23;Rasierer;6;34,99;209,94
2021-11-24;Rasierer;4;34,99;139,96
2021-11-25;Rasierer;27;26,24;708,48
2021-11-26;Rasierer;170;26,239939;4460,7896
2021-11-27;Rasierer;87;26,24;2282,88
2021-11-28;Rasierer;88;26,24;2309,1199
2021-11-29;Rasierer;93;26,240002;2440,32
2021-11-30;Rasierer;7;33,74;236,18001
2021-12-01;Rasierer;2;34,99;69,98
2021-12-02;Rasierer;7;34,99;244,93001
2021-12-03;Rasierer;10;34,98889;349,88892
2021-12-04;Rasierer;6;34,99;209,94
2021-12-05;Rasierer;6;34,99;209,94
2021-12-06;Rasierer;3;34,99;104,97
2021-12-07;Rasierer;6;34,99;209,94
2021-12-08;Rasierer;4;34,99;139,96
2021-12-09;Rasierer;6;34,99;209,94
2021-12-10;Rasierer;7;34,99;244,93001
2021-12-11;Rasierer;6;34,99;209,94
2021-12-12;Rasierer;9;34,99;314,91
2021-12-13;Rasierer;6;34,99;209,94
2021-12-14;Rasierer;9;34,99;314,91
2021-12-15;Rasierer;3;34,99;104,97
2021-12-16;Rasierer;4;34,99;139,96
2021-12-17;Rasierer;2;34,99;69,98
2021-12-18;Rasierer;0;34,99;0,0
2021-12-19;Rasierer;4;34,99;139,96
2021-12-20;Rasierer;4;34,99;139,96
2021-12-21;Rasierer;0;34,99;0,0
2021-12-22;Rasierer;4;34,99;139,96
2021-12-23;Rasierer;0;34,99;0,0
2021-12-24;Rasierer;0;34,99;0,0
2021-12-25;Rasierer;5;34,99;174,95001
2021-12-26;Rasierer;2;34,99;69,98
2021-12-27;Rasierer;3;34,99;104,97
2021-12-28;Rasierer;4;34,99;139,96
2021-12-29;Rasierer;0;34,99;0,0
2021-12-30;Rasierer;0;34,99;0,0
2021-12-31;Rasierer;3;34,99;104,97
2022-01-01;Rasierer;1;34,99;34,99
2022-01-02;Rasierer;2;34,99;69,98
2022-01-03;Rasierer;2;34,99;69,98
2022-01-04;Rasierer;3;34,99;104,97
2022-01-05;Rasierer;1;34,99;34,99
2022-01-06;Rasierer;8;34,98875;279,91
2022-01-07;Rasierer;4;34,99;139,96
2022-01-08;Rasierer;11;34,99;384,89
2022-01-09;Rasierer;15;34,99;524,85004
2022-01-10;Rasierer;10;34,99;349,90002
2022-01-11;Rasierer;12;34,99;419,88
2022-01-12;Rasierer;11;34,99;384,89
2022-01-13;Rasierer;10;34,99;349,90002
2022-01-14;Rasierer;13;34,99;454,87003
2022-01-15;Rasierer;5;34,99;174,95001
2022-01-16;Rasierer;13;34,99;454,87003
2022-01-17;Rasierer;13;34,99;454,87003
2022-01-18;Rasierer;7;34,99;244,93001
2022-01-19;Rasierer;11;34,99;384,89
2022-01-20;Rasierer;15;34,989334;524,84
2022-01-21;Rasierer;4;34,99;139,96
2022-01-22;Rasierer;13;34,99;454,87003
2022-01-23;Rasierer;9;34,99;314,91
2022-01-24;Rasierer;6;34,99;209,94
2022-01-25;Rasierer;3;34,99;104,97
2022-01-26;Rasierer;8;34,99;279,92
2022-01-27;Rasierer;14;34,99;489,86002
2022-01-28;Rasierer;15;34,99;524,85004
2022-01-29;Rasierer;8;34,99;279,92
2022-01-30;Rasierer;7;34,99;244,93001
2022-01-31;Rasierer;15;34,99;524,85004
2022-02-01;Rasierer;15;34,99;524,85004
2022-02-02;Rasierer;15;34,99;524,85004
2022-02-03;Rasierer;11;34,99;384,89
2022-02-04;Rasierer;18;34,99;629,82
2022-02-05;Rasierer;17;34,99;594,83
2022-02-06;Rasierer;20;34,989502;699,79004
2022-02-07;Rasierer;13;34,99;454,87003
2022-02-08;Rasierer;9;34,99;314,91
2022-02-09;Rasierer;9;34,99;314,91
2022-02-10;Rasierer;11;34,99;384,89
2022-02-11;Rasierer;4;34,99;139,96
2022-02-12;Rasierer;3;34,99;104,97
2022-02-13;Rasierer;6;34,99;209,94
2022-02-14;Rasierer;9;34,99;314,91
2022-02-15;Rasierer;4;34,99;139,96
2022-02-16;Rasierer;2;34,99;69,98
2022-02-17;Rasierer;14;34,99;489,86002
2022-02-18;Rasierer;2;34,99;69,98
2022-02-19;Rasierer;6;34,99;209,94
2022-02-20;Rasierer;4;34,99;139,96
2022-02-21;Rasierer;5;34,99;174,95001
2022-02-22;Rasierer;7;34,99;244,93001
2022-02-23;Rasierer;7;34,99;244,93001
2022-02-24;Rasierer;9;34,99;314,91
2022-02-25;Rasierer;3;34,99;104,97
2022-02-26;Rasierer;9;34,98889;314,90002
2022-02-27;Rasierer;4;34,99;139,96
2022-02-28;Rasierer;7;34,99;244,93001
2022-03-01;Rasierer;5;34,99;174,95001
2022-03-02;Rasierer;7;34,99;244,93001
2022-03-03;Rasierer;7;34,99;244,93001
2022-03-04;Rasierer;8;34,99;279,92
2022-03-05;Rasierer;3;34,99;104,97
2022-03-06;Rasierer;12;34,99;419,88
2022-03-07;Rasierer;8;34,99;279,92
2022-03-08;Rasierer;9;34,99;314,91
2022-03-09;Rasierer;3;34,99;104,97
2022-03-10;Rasierer;8;34,99;279,92
2022-03-11;Rasierer;7;34,99;244,93001
2022-03-12;Rasierer;7;34,99;244,93001
2022-03-13;Rasierer;11;34,99;384,89
2022-03-14;Rasierer;8;34,99;279,92
2022-03-15;Rasierer;11;34,99;384,89
2022-03-16;Rasierer;5;34,99;174,95001
2022-03-17;Rasierer;5;34,99;174,95001
2022-03-18;Rasierer;9;34,99;314,91
2022-03-19;Rasierer;6;34,99;209,94
2022-03-20;Rasierer;6;34,99;209,94
2022-03-21;Rasierer;7;34,99;244,93001
2022-03-22;Rasierer;10;34,99;349,90002
2022-03-23;Rasierer;7;34,99;244,93001
2022-03-24;Rasierer;8;34,99;279,92
2022-03-25;Rasierer;8;34,99;279,92
2022-03-26;Rasierer;6;34,99;209,94
2022-03-27;Rasierer;11;34,99;384,89
2022-03-28;Rasierer;5;34,99;174,95001
2022-03-29;Rasierer;8;34,99;279,92
2022-03-30;Rasierer;11;34,99;384,89
2022-03-31;Rasierer;13;34,99;454,87003
2022-04-01;Rasierer;9;34,99;314,91
2022-04-02;Rasierer;11;34,99;384,89
2022-04-03;Rasierer;19;34,99;664,81006
2022-04-04;Rasierer;23;34,99;804,77
2022-04-05;Rasierer;27;34,99;944,73004
2022-04-06;Rasierer;18;34,99;629,82
2022-04-07;Rasierer;14;34,99;489,86002
2022-04-08;Rasierer;17;34,99;594,83
2022-04-09;Rasierer;29;34,99;1014,71
2022-04-10;Rasierer;29;34,99;1014,71
2022-04-11;Rasierer;19;32,22579;612,29
2022-04-12;Rasierer;33;31,488485;1039,12
2022-04-13;Rasierer;26;31,488077;818,69
2022-04-14;Rasierer;29;31,488276;913,16
2022-04-15;Rasierer;36;31,488888;1133,6
2022-04-16;Rasierer;28;31,487856;881,66
2022-04-17;Rasierer;47;31,48936;1480,0
2022-04-18;Rasierer;45;31,488222;1416,97
2022-04-19;Rasierer;14;34,99;489,86002
2022-04-20;Rasierer;12;34,99;419,88
2022-04-21;Rasierer;11;34,99;384,89
2022-04-22;Rasierer;14;34,99;489,86002
2022-04-23;Rasierer;16;34,99;559,84
2022-04-24;Rasierer;26;34,99;909,74005
2022-04-25;Rasierer;16;34,99;559,84
2022-04-26;Rasierer;20;34,99;699,80005
2022-04-27;Rasierer;25;34,99;874,75006
2022-04-28;Rasierer;17;34,99;594,83
2022-04-29;Rasierer;10;34,99;349,90002
2022-04-30;Rasierer;19;34,99;664,81006
2022-05-01;Rasierer;11;34,99;384,89
2022-05-02;Rasierer;9;34,99;314,91
2022-05-03;Rasierer;4;34,99;139,96
2022-05-04;Rasierer;6;34,99;209,94
2022-05-05;Rasierer;4;34,99;139,96
2022-05-06;Rasierer;5;34,99;174,95001
2022-05-07;Rasierer;9;34,99;314,91
2022-05-08;Rasierer;4;34,99;139,96
2022-05-09;Rasierer;10;34,99;349,90002
2022-05-10;Rasierer;9;34,99;314,91
2022-05-11;Rasierer;6;34,99;209,94
2022-05-12;Rasierer;6;34,99;209,94
2022-05-13;Rasierer;7;34,99;244,93001
2022-05-14;Rasierer;4;34,99;139,96
2022-05-15;Rasierer;7;34,99;244,93001
2022-05-16;Rasierer;8;34,99;279,92
2022-05-17;Rasierer;9;34,99;314,91
2022-05-18;Rasierer;8;34,99;279,92
2022-05-19;Rasierer;4;34,99;139,96
2022-05-20;Rasierer;7;34,99;244,93001
2022-05-21;Rasierer;5;34,99;174,95001
2022-05-22;Rasierer;8;34,99;279,92
2022-05-23;Rasierer;7;34,99;244,93001
2022-05-24;Rasierer;7;34,99;244,93001
2022-05-25;Rasierer;5;34,99;174,95001
2022-05-26;Rasierer;12;34,99;419,88
2022-05-27;Rasierer;6;34,99;209,94
2022-05-28;Rasierer;15;34,99;524,85004
2022-05-29;Rasierer;17;34,99;594,83
2022-05-30;Rasierer;10;34,99;349,90002
2022-05-31;Rasierer;19;34,99;664,81006
2022-06-01;Rasierer;17;34,99;594,83
2022-06-02;Rasierer;16;34,99;559,84
2022-06-03;Rasierer;12;34,99;419,88
2022-06-04;Rasierer;10;34,99;349,90002
2022-06-05;Rasierer;7;34,99;244,93001
2022-06-06;Rasierer;17;34,99;594,83
2022-06-07;Rasierer;13;34,98923;454,86002
2022-06-08;Rasierer;17;34,99;594,83
2022-06-09;Rasierer;17;34,99;594,83
2022-06-10;Rasierer;16;34,99;559,84
2022-06-11;Rasierer;9;34,99;314,91
2022-06-12;Rasierer;12;34,99;419,88
2022-06-13;Rasierer;15;34,99;524,85004
2022-06-14;Rasierer;11;34,99;384,89
2022-06-15;Rasierer;11;34,99;384,89
2022-06-16;Rasierer;10;34,99;349,90002
2022-06-17;Rasierer;14;34,99;489,86002
2022-06-18;Rasierer;17;34,99;594,83
2022-06-19;Rasierer;24;34,99;839,76
2022-06-20;Rasierer;14;34,99;489,86002
2022-06-21;Rasierer;5;34,99;174,95001
2022-06-22;Rasierer;20;34,99;699,80005
2022-06-23;Rasierer;10;34,99;349,90002
2022-06-24;Rasierer;7;34,99;244,93001
2022-06-25;Rasierer;33;34,99;1154,67
2022-06-26;Rasierer;44;34,910458;1536,0602
2022-06-27;Rasierer;26;34,99;909,74005
2022-06-28;Rasierer;19;34,99;664,81006
2022-06-29;Rasierer;37;34,989735;1294,6202
2022-06-30;Rasierer;27;34,99;944,73004
2022-07-01;Rasierer;25;34,9896;874,74005
2022-07-02;Rasierer;34;34,99;1189,66
2022-07-03;Rasierer;35;34,99;1224,65
2022-07-04;Rasierer;41;34,99;1434,5901
2022-07-05;Rasierer;24;34,99;839,76
2022-07-06;Rasierer;23;34,99;804,77
2022-07-07;Rasierer;16;34,99;559,84
2022-07-08;Rasierer;0;34,99;0,0
2022-07-09;Rasierer;0;34,99;0,0
2022-07-10;Rasierer;0;34,99;0,0
2022-07-11;Rasierer;0;34,99;0,0
2022-07-12;Rasierer;0;34,99;0,0
2022-07-13;Rasierer;0;34,99;0,0
2022-07-14;Rasierer;0;34,99;0,0
2022-07-15;Rasierer;0;34,99;0,0
2022-07-16;Rasierer;0;34,99;0,0
2022-07-17;Rasierer;0;34,99;0,0
2022-07-18;Rasierer;0;34,99;0,0
2022-07-19;Rasierer;0;34,99;0,0
2022-07-20;Rasierer;0;34,99;0,0
2022-07-21;Rasierer;0;34,99;0,0
2022-07-22;Rasierer;0;34,99;0,0
2022-07-23;Rasierer;0;34,99;0,0
2022-07-24;Rasierer;0;34,99;0,0
2022-07-25;Rasierer;0;34,99;0,0
2022-07-26;Rasierer;0;34,99;0,0
2022-07-27;Rasierer;0;34,99;0,0
2022-07-28;Rasierer;0;34,99;0,0
2022-07-29;Rasierer;0;34,99;0,0
2022-07-30;Rasierer;0;34,99;0,0
2022-07-31;Rasierer;0;34,99;0,0
2022-08-01;Rasierer;0;34,99;0,0
2022-08-02;Rasierer;0;34,99;0,0
2022-08-03;Rasierer;25;34,99;874,75006
2022-08-04;Rasierer;5;34,99;174,95001
2022-08-05;Rasierer;5;34,99;174,95001
2022-08-06;Rasierer;5;34,99;174,95001
2022-08-07;Rasierer;11;34,99;384,89
2022-08-08;Rasierer;8;34,99;279,92
2022-08-09;Rasierer;9;34,99;314,91
2022-08-10;Rasierer;11;34,99;384,89
2022-08-11;Rasierer;16;34,99;559,84
2022-08-12;Rasierer;11;34,99;384,89
2022-08-13;Rasierer;7;34,99;244,93001
2022-08-14;Rasierer;8;34,99;279,92
2022-08-15;Rasierer;6;34,99;209,94
2022-08-16;Rasierer;8;34,99;279,92
2022-08-17;Rasierer;7;34,99;244,93001
2022-08-18;Rasierer;5;34,988;174,94
2022-08-19;Rasierer;4;34,99;139,96
2022-08-20;Rasierer;6;34,99;209,94
2022-08-21;Rasierer;10;34,989002;349,89
2022-08-22;Rasierer;5;34,99;174,95001
2022-08-23;Rasierer;9;34,99;314,91
2022-08-24;Rasierer;6;34,99;209,94
2022-08-25;Rasierer;3;34,99;104,97
2022-08-26;Rasierer;6;34,99;209,94
2022-08-27;Rasierer;9;34,99;314,91
2022-08-28;Rasierer;5;34,99;174,95001
2022-08-29;Rasierer;3;34,99;104,97
2022-08-30;Rasierer;2;34,99;69,98
2022-08-31;Rasierer;6;34,99;209,94
2022-09-01;Rasierer;5;34,99;174,95001
2022-09-02;Rasierer;5;34,99;174,95001
2022-09-03;Rasierer;7;34,99;244,93001
2022-09-04;Rasierer;8;34,99;279,92
2022-09-05;Rasierer;5;34,99;174,95001
2022-09-06;Rasierer;6;34,99;209,94
2022-09-07;Rasierer;10;34,99;349,90002
2022-09-08;Rasierer;6;34,99;209,94
2022-09-09;Rasierer;3;34,99;104,97
2022-09-10;Rasierer;7;34,99;244,93001
2022-09-11;Rasierer;9;34,99;314,91
2022-09-12;Rasierer;6;34,99;209,94
2022-09-13;Rasierer;8;34,99;279,92
2022-09-14;Rasierer;5;34,99;174,95001
2022-09-15;Rasierer;3;34,99;104,97
2022-09-16;Rasierer;5;34,99;174,95001
2022-09-17;Rasierer;7;34,99;244,93001
2022-09-18;Rasierer;8;34,98875;279,91
2022-09-19;Rasierer;3;34,99;104,97
2022-09-20;Rasierer;4;34,99;139,96
2022-09-21;Rasierer;4;34,987503;139,95001
2022-09-22;Rasierer;3;34,99;104,97
2022-09-23;Rasierer;5;34,99;174,95001
2022-09-24;Rasierer;4;34,99;139,96
2022-09-25;Rasierer;8;34,99;279,92
2022-09-26;Rasierer;9;34,99;314,91
2022-09-27;Rasierer;4;34,99;139,96
2022-09-28;Rasierer;3;34,99;104,97
2022-09-29;Rasierer;9;34,99;314,91
2022-09-30;Rasierer;13;34,98923;454,86002
2022-10-01;Rasierer;4;34,987503;139,95001
2022-10-02;Rasierer;11;34,98909;384,88
2022-10-03;Rasierer;11;34,99;384,89
2022-10-04;Rasierer;9;34,99;314,91
2022-10-05;Rasierer;5;34,99;174,95001
2022-10-06;Rasierer;3;34,99;104,97
2022-10-07;Rasierer;0;34,99;0,0
2022-10-08;Rasierer;10;34,99;349,90002
2022-10-09;Rasierer;7;34,988575;244,92003
2022-10-10;Rasierer;17;34,99;594,83
2022-10-11;Rasierer;0;34,99;0,0
2022-10-12;Rasierer;5;34,99;174,95001
2022-10-13;Rasierer;3;34,99;104,97
2022-10-14;Rasierer;2;34,99;69,98
2022-10-15;Rasierer;6;34,99;209,94
2022-10-16;Rasierer;8;34,99;279,92
2022-10-17;Rasierer;2;34,99;69,98
2022-10-18;Rasierer;6;34,99;209,94
2022-10-19;Rasierer;7;34,99;244,93001
2022-10-20;Rasierer;3;34,986668;104,96001
2021-11-25;Bartbalm Crusoe;10;18,74;187,4
2021-11-26;Bartbalm Crusoe;10;18,74;187,4
2021-11-27;Bartbalm Crusoe;2;18,74;37,48
2021-11-28;Bartbalm Crusoe;4;18,74;74,96
2021-11-29;Bartbalm Crusoe;5;18,74;93,7
2021-11-30;Bartbalm Crusoe;1;24,99;24,99
2021-12-01;Bartbalm Crusoe;1;24,99;24,99
2021-12-02;Bartbalm Crusoe;0;24,99;0,0
2021-12-03;Bartbalm Crusoe;1;24,99;24,99
2021-12-04;Bartbalm Crusoe;0;24,99;0,0
2021-12-05;Bartbalm Crusoe;4;21,25;85,0
2021-12-06;Bartbalm Crusoe;0;21,25;0,0
2021-12-07;Bartbalm Crusoe;0;21,25;0,0
2021-12-08;Bartbalm Crusoe;0;21,25;0,0
2021-12-09;Bartbalm Crusoe;1;24,99;24,99
2021-12-10;Bartbalm Crusoe;1;24,99;24,99
2021-12-11;Bartbalm Crusoe;2;24,99;49,98
2021-12-12;Bartbalm Crusoe;2;24,99;49,98
2021-12-13;Bartbalm Crusoe;1;24,99;24,99
2021-12-14;Bartbalm Crusoe;2;24,99;49,98
2021-12-15;Bartbalm Crusoe;0;24,99;0,0
2021-12-16;Bartbalm Crusoe;0;24,99;0,0
2021-12-17;Bartbalm Crusoe;0;24,99;0,0
2021-12-18;Bartbalm Crusoe;1;24,99;24,99
2021-12-19;Bartbalm Crusoe;0;24,99;0,0
2021-12-20;Bartbalm Crusoe;2;24,99;49,98
2021-12-21;Bartbalm Crusoe;1;24,99;24,99
2021-12-22;Bartbalm Crusoe;0;24,99;0,0
2021-12-23;Bartbalm Crusoe;0;24,99;0,0
2021-12-24;Bartbalm Crusoe;1;24,99;24,99
2021-12-25;Bartbalm Crusoe;1;24,99;24,99
2021-12-26;Bartbalm Crusoe;1;24,99;24,99
2021-12-27;Bartbalm Crusoe;0;24,99;0,0
2021-12-28;Bartbalm Crusoe;1;24,99;24,99
2021-12-29;Bartbalm Crusoe;1;24,99;24,99
2021-12-30;Bartbalm Crusoe;2;24,99;49,98
2021-12-31;Bartbalm Crusoe;1;24,99;24,99
2022-01-01;Bartbalm Crusoe;1;24,99;24,99
2022-01-02;Bartbalm Crusoe;0;24,99;0,0
2022-01-03;Bartbalm Crusoe;0;24,99;0,0
2022-01-04;Bartbalm Crusoe;0;24,99;0,0
2022-01-05;Bartbalm Crusoe;0;24,99;0,0
2022-01-06;Bartbalm Crusoe;3;24,99;74,97
2022-01-07;Bartbalm Crusoe;0;24,99;0,0
2022-01-08;Bartbalm Crusoe;1;24,99;24,99
2022-01-09;Bartbalm Crusoe;0;24,99;0,0
2022-01-10;Bartbalm Crusoe;0;24,99;0,0
2022-01-11;Bartbalm Crusoe;3;24,99;74,97
2022-01-12;Bartbalm Crusoe;2;24,99;49,98
2022-01-13;Bartbalm Crusoe;2;24,99;49,98
2022-01-14;Bartbalm Crusoe;2;24,99;49,98
2022-01-15;Bartbalm Crusoe;2;24,99;49,98
2022-01-16;Bartbalm Crusoe;2;24,99;49,98
2022-01-17;Bartbalm Crusoe;1;24,99;24,99
2022-01-18;Bartbalm Crusoe;1;24,99;24,99
2022-01-19;Bartbalm Crusoe;1;24,99;24,99
2022-01-20;Bartbalm Crusoe;0;24,99;0,0
2022-01-21;Bartbalm Crusoe;1;24,99;24,99
2022-01-22;Bartbalm Crusoe;1;24,99;24,99
2022-01-23;Bartbalm Crusoe;1;24,99;24,99
2022-01-24;Bartbalm Crusoe;5;24,99;124,95
2022-01-25;Bartbalm Crusoe;2;24,99;49,98
2022-01-26;Bartbalm Crusoe;2;24,99;49,98
2022-01-27;Bartbalm Crusoe;1;24,99;24,99
2022-01-28;Bartbalm Crusoe;2;24,99;49,98
2022-01-29;Bartbalm Crusoe;0;24,99;0,0
2022-01-30;Bartbalm Crusoe;4;24,99;99,96
2022-01-31;Bartbalm Crusoe;1;24,99;24,99
2022-02-01;Bartbalm Crusoe;1;24,99;24,99
2022-02-02;Bartbalm Crusoe;1;24,99;24,99
2022-02-03;Bartbalm Crusoe;2;24,99;49,98
2022-02-04;Bartbalm Crusoe;5;24,99;124,95
2022-02-05;Bartbalm Crusoe;2;24,99;49,98
2022-02-06;Bartbalm Crusoe;0;24,99;0,0
2022-02-07;Bartbalm Crusoe;1;24,99;24,99
2022-02-08;Bartbalm Crusoe;2;24,99;49,98
2022-02-09;Bartbalm Crusoe;2;24,99;49,98
2022-02-10;Bartbalm Crusoe;2;24,99;49,98
2022-02-11;Bartbalm Crusoe;5;24,99;124,95
2022-02-12;Bartbalm Crusoe;0;24,99;0,0
2022-02-13;Bartbalm Crusoe;0;24,99;0,0
2022-02-14;Bartbalm Crusoe;2;24,99;49,98
2022-02-15;Bartbalm Crusoe;2;24,99;49,98
2022-02-16;Bartbalm Crusoe;1;24,99;24,99
2022-02-17;Bartbalm Crusoe;0;24,99;0,0
2022-02-18;Bartbalm Crusoe;1;24,99;24,99
2022-02-19;Bartbalm Crusoe;0;24,99;0,0
2022-02-20;Bartbalm Crusoe;2;24,99;49,98
2022-02-21;Bartbalm Crusoe;3;24,99;74,97
2022-02-22;Bartbalm Crusoe;2;24,99;49,98
2022-02-23;Bartbalm Crusoe;2;24,99;49,98
2022-02-24;Bartbalm Crusoe;1;24,99;24,99
2022-02-25;Bartbalm Crusoe;2;24,99;49,98
2022-02-26;Bartbalm Crusoe;0;24,99;0,0
2022-02-27;Bartbalm Crusoe;3;24,99;74,97
2022-02-28;Bartbalm Crusoe;1;24,99;24,99
2022-03-01;Bartbalm Crusoe;1;24,99;24,99
2022-03-02;Bartbalm Crusoe;1;24,99;24,99
2022-03-03;Bartbalm Crusoe;0;24,99;0,0
2022-03-04;Bartbalm Crusoe;2;24,99;49,98
2022-03-05;Bartbalm Crusoe;3;24,99;74,97
2022-03-06;Bartbalm Crusoe;0;24,99;0,0
2022-03-07;Bartbalm Crusoe;0;24,99;0,0
2022-03-08;Bartbalm Crusoe;1;24,99;24,99
2022-03-09;Bartbalm Crusoe;0;24,99;0,0
2022-03-10;Bartbalm Crusoe;1;24,99;24,99
2022-03-11;Bartbalm Crusoe;2;24,99;49,98
2022-03-12;Bartbalm Crusoe;0;24,99;0,0
2022-03-13;Bartbalm Crusoe;3;24,99;74,97
2022-03-14;Bartbalm Crusoe;1;24,99;24,99
2022-03-15;Bartbalm Crusoe;0;24,99;0,0
2022-03-16;Bartbalm Crusoe;1;24,99;24,99
2022-03-17;Bartbalm Crusoe;2;19,99;39,98
2022-03-18;Bartbalm Crusoe;0;19,99;0,0
2022-03-19;Bartbalm Crusoe;3;19,99;59,97
2022-03-20;Bartbalm Crusoe;2;19,99;39,98
2022-03-21;Bartbalm Crusoe;1;19,99;19,99
2022-03-22;Bartbalm Crusoe;3;19,99;59,97
2022-03-23;Bartbalm Crusoe;1;19,99;19,99
2022-03-24;Bartbalm Crusoe;3;19,99;59,97
2022-03-25;Bartbalm Crusoe;2;19,99;39,98
2022-03-26;Bartbalm Crusoe;3;19,99;59,97
2022-03-27;Bartbalm Crusoe;2;19,99;39,98
2022-03-28;Bartbalm Crusoe;5;19,99;99,95
2022-03-29;Bartbalm Crusoe;3;19,99;59,97
2022-03-30;Bartbalm Crusoe;4;19,99;79,96
2022-03-31;Bartbalm Crusoe;1;19,99;19,99
2022-04-01;Bartbalm Crusoe;3;19,99;59,97
2022-04-02;Bartbalm Crusoe;6;19,99;119,94
2022-04-03;Bartbalm Crusoe;8;19,99;159,92
2022-04-04;Bartbalm Crusoe;4;19,99;79,96
2022-04-05;Bartbalm Crusoe;2;19,99;39,98
2022-04-06;Bartbalm Crusoe;6;19,99;119,94
2022-04-07;Bartbalm Crusoe;4;19,99;79,96
2022-04-08;Bartbalm Crusoe;1;19,99;19,99
2022-04-09;Bartbalm Crusoe;2;19,99;39,98
2022-04-10;Bartbalm Crusoe;3;19,99;59,97
2022-04-11;Bartbalm Crusoe;6;19,99;119,94
2022-04-12;Bartbalm Crusoe;5;19,99;99,95
2022-04-13;Bartbalm Crusoe;5;19,99;99,95
2022-04-14;Bartbalm Crusoe;1;19,99;19,99
2022-04-15;Bartbalm Crusoe;5;19,99;99,95
2022-04-16;Bartbalm Crusoe;4;19,99;79,96
2022-04-17;Bartbalm Crusoe;0;19,99;0,0
2022-04-18;Bartbalm Crusoe;4;19,99;79,96
2022-04-19;Bartbalm Crusoe;1;19,99;19,99
2022-04-20;Bartbalm Crusoe;1;19,99;19,99
2022-04-21;Bartbalm Crusoe;1;19,99;19,99
2022-04-22;Bartbalm Crusoe;1;19,99;19,99
2022-04-23;Bartbalm Crusoe;0;19,99;0,0
2022-04-24;Bartbalm Crusoe;0;19,99;0,0
2022-04-25;Bartbalm Crusoe;0;19,99;0,0
2022-04-26;Bartbalm Crusoe;1;19,99;19,99
2022-04-27;Bartbalm Crusoe;1;19,99;19,99
2022-04-28;Bartbalm Crusoe;4;19,99;79,96
2022-04-29;Bartbalm Crusoe;3;19,983332;59,949997
2022-04-30;Bartbalm Crusoe;2;19,99;39,98
2022-05-01;Bartbalm Crusoe;3;19,99;59,97
2022-05-02;Bartbalm Crusoe;5;19,99;99,95
2022-05-03;Bartbalm Crusoe;2;19,99;39,98
2022-05-04;Bartbalm Crusoe;3;19,99;59,97
2022-05-05;Bartbalm Crusoe;1;19,99;19,99
2022-05-06;Bartbalm Crusoe;1;19,99;19,99
2022-05-07;Bartbalm Crusoe;3;19,99;59,97
2022-05-08;Bartbalm Crusoe;2;19,99;39,98
2022-05-09;Bartbalm Crusoe;0;19,99;0,0
2022-05-10;Bartbalm Crusoe;0;19,99;0,0
2022-05-11;Bartbalm Crusoe;0;19,99;0,0
2022-05-12;Bartbalm Crusoe;0;19,99;0,0
2022-05-13;Bartbalm Crusoe;0;19,99;0,0
2022-05-14;Bartbalm Crusoe;0;19,99;0,0
2022-05-15;Bartbalm Crusoe;0;19,99;0,0
2022-05-16;Bartbalm Crusoe;0;19,99;0,0
2022-05-17;Bartbalm Crusoe;1;19,99;19,99
2022-05-18;Bartbalm Crusoe;0;19,99;0,0
2022-05-19;Bartbalm Crusoe;0;19,99;0,0
2022-05-20;Bartbalm Crusoe;0;19,99;0,0
2022-05-21;Bartbalm Crusoe;0;19,99;0,0
2022-05-22;Bartbalm Crusoe;0;19,99;0,0
2022-05-23;Bartbalm Crusoe;0;19,99;0,0
2022-05-24;Bartbalm Crusoe;0;19,99;0,0
2022-05-25;Bartbalm Crusoe;0;19,99;0,0
2022-05-26;Bartbalm Crusoe;0;19,99;0,0
2022-05-27;Bartbalm Crusoe;0;19,99;0,0
2022-05-28;Bartbalm Crusoe;0;19,99;0,0
2022-05-29;Bartbalm Crusoe;0;19,99;0,0
2022-05-30;Bartbalm Crusoe;0;19,99;0,0
2022-05-31;Bartbalm Crusoe;0;19,99;0,0
2022-06-01;Bartbalm Crusoe;0;19,99;0,0
2022-06-02;Bartbalm Crusoe;0;19,99;0,0
2022-06-03;Bartbalm Crusoe;1;19,99;19,99
2022-06-04;Bartbalm Crusoe;0;19,99;0,0
2022-06-05;Bartbalm Crusoe;0;19,99;0,0
2022-06-06;Bartbalm Crusoe;0;19,99;0,0
2022-06-07;Bartbalm Crusoe;0;19,99;0,0
2022-06-08;Bartbalm Crusoe;0;19,99;0,0
2022-06-09;Bartbalm Crusoe;0;19,99;0,0
2022-06-10;Bartbalm Crusoe;0;19,99;0,0
2022-06-11;Bartbalm Crusoe;0;19,99;0,0
2022-06-12;Bartbalm Crusoe;0;19,99;0,0
2022-06-13;Bartbalm Crusoe;0;19,99;0,0
2022-06-14;Bartbalm Crusoe;0;19,99;0,0
2022-06-15;Bartbalm Crusoe;0;19,99;0,0
2022-06-16;Bartbalm Crusoe;0;19,99;0,0
2022-06-17;Bartbalm Crusoe;0;19,99;0,0
2022-06-18;Bartbalm Crusoe;0;19,99;0,0
2022-06-19;Bartbalm Crusoe;0;19,99;0,0
2022-06-20;Bartbalm Crusoe;0;19,99;0,0
2022-06-21;Bartbalm Crusoe;0;19,99;0,0
2022-06-22;Bartbalm Crusoe;0;19,99;0,0
2022-06-23;Bartbalm Crusoe;0;19,99;0,0
2022-06-24;Bartbalm Crusoe;0;19,99;0,0
2022-06-25;Bartbalm Crusoe;0;19,99;0,0
2022-06-26;Bartbalm Crusoe;0;19,99;0,0
2022-06-27;Bartbalm Crusoe;0;19,99;0,0
2022-06-28;Bartbalm Crusoe;0;19,99;0,0
2022-06-29;Bartbalm Crusoe;0;19,99;0,0
2022-06-30;Bartbalm Crusoe;0;19,99;0,0
2022-07-01;Bartbalm Crusoe;0;19,99;0,0
2022-07-02;Bartbalm Crusoe;0;19,99;0,0
2022-07-03;Bartbalm Crusoe;0;19,99;0,0
2022-07-04;Bartbalm Crusoe;0;19,99;0,0
2022-07-05;Bartbalm Crusoe;0;19,99;0,0
2022-07-06;Bartbalm Crusoe;0;19,99;0,0
2022-07-07;Bartbalm Crusoe;0;19,99;0,0
2022-07-08;Bartbalm Crusoe;0;19,99;0,0
2022-07-09;Bartbalm Crusoe;0;19,99;0,0
2022-07-10;Bartbalm Crusoe;0;19,99;0,0
2022-07-11;Bartbalm Crusoe;0;19,99;0,0
2022-07-12;Bartbalm Crusoe;0;19,99;0,0
2022-07-13;Bartbalm Crusoe;9;24,99;224,91
2022-07-14;Bartbalm Crusoe;6;24,99;149,94
2022-07-15;Bartbalm Crusoe;5;24,99;124,95
2022-07-16;Bartbalm Crusoe;1;24,99;24,99
2022-07-17;Bartbalm Crusoe;1;24,99;24,99
2022-07-18;Bartbalm Crusoe;4;24,99;99,96
2022-07-19;Bartbalm Crusoe;5;24,99;124,95
2022-07-20;Bartbalm Crusoe;1;24,99;24,99
2022-07-21;Bartbalm Crusoe;0;24,99;0,0
2022-07-22;Bartbalm Crusoe;1;24,99;24,99
2022-07-23;Bartbalm Crusoe;1;24,99;24,99
2022-07-24;Bartbalm Crusoe;1;24,99;24,99
2022-07-25;Bartbalm Crusoe;0;24,99;0,0
2022-07-26;Bartbalm Crusoe;0;24,99;0,0
2022-07-27;Bartbalm Crusoe;2;24,99;49,98
2022-07-28;Bartbalm Crusoe;1;24,99;24,99
2022-07-29;Bartbalm Crusoe;2;24,99;49,98
2022-07-30;Bartbalm Crusoe;1;24,99;24,99
2022-07-31;Bartbalm Crusoe;2;24,99;49,98
2022-08-01;Bartbalm Crusoe;1;24,99;24,99
2022-08-02;Bartbalm Crusoe;1;24,99;24,99
2022-08-03;Bartbalm Crusoe;1;24,99;24,99
2022-08-04;Bartbalm Crusoe;1;24,99;24,99
2022-08-05;Bartbalm Crusoe;0;24,99;0,0
2022-08-06;Bartbalm Crusoe;0;24,99;0,0
2022-08-07;Bartbalm Crusoe;1;24,99;24,99
2022-08-08;Bartbalm Crusoe;1;24,99;24,99
2022-08-09;Bartbalm Crusoe;2;24,99;49,98
2022-08-10;Bartbalm Crusoe;2;24,99;49,98
2022-08-11;Bartbalm Crusoe;1;24,99;24,99
2022-08-12;Bartbalm Crusoe;0;24,99;0,0
2022-08-13;Bartbalm Crusoe;1;24,99;24,99
2022-08-14;Bartbalm Crusoe;1;24,99;24,99
2022-08-15;Bartbalm Crusoe;2;24,99;49,98
2022-08-16;Bartbalm Crusoe;2;24,99;49,98
2022-08-17;Bartbalm Crusoe;1;24,99;24,99
2022-08-18;Bartbalm Crusoe;0;24,99;0,0
2022-08-19;Bartbalm Crusoe;4;24,99;99,96
2022-08-20;Bartbalm Crusoe;1;24,99;24,99
2022-08-21;Bartbalm Crusoe;6;24,99;149,94
2022-08-22;Bartbalm Crusoe;1;24,99;24,99
2022-08-23;Bartbalm Crusoe;2;24,99;49,98
2022-08-24;Bartbalm Crusoe;2;24,99;49,98
2022-08-25;Bartbalm Crusoe;0;24,99;0,0
2022-08-26;Bartbalm Crusoe;0;24,99;0,0
2022-08-27;Bartbalm Crusoe;4;24,99;99,96
2022-08-28;Bartbalm Crusoe;2;24,99;49,98
2022-08-29;Bartbalm Crusoe;2;24,99;49,98
2022-08-30;Bartbalm Crusoe;4;24,9875;99,95
2022-08-31;Bartbalm Crusoe;2;24,99;49,98
2022-09-01;Bartbalm Crusoe;1;24,99;24,99
2022-09-02;Bartbalm Crusoe;1;24,98;24,98
2022-09-03;Bartbalm Crusoe;6;21,24;127,44
2022-09-04;Bartbalm Crusoe;3;21,236666;63,71
2022-09-05;Bartbalm Crusoe;2;24,99;49,98
2022-09-06;Bartbalm Crusoe;0;24,99;0,0
2022-09-07;Bartbalm Crusoe;1;24,99;24,99
2022-09-08;Bartbalm Crusoe;0;24,99;0,0
2022-09-09;Bartbalm Crusoe;0;24,99;0,0
2022-09-10;Bartbalm Crusoe;1;24,99;24,99
2022-09-11;Bartbalm Crusoe;1;24,99;24,99
2022-09-12;Bartbalm Crusoe;1;24,99;24,99
2022-09-13;Bartbalm Crusoe;1;24,99;24,99
2022-09-14;Bartbalm Crusoe;0;24,99;0,0
2022-09-15;Bartbalm Crusoe;0;24,99;0,0
2022-09-16;Bartbalm Crusoe;1;24,99;24,99
2022-09-17;Bartbalm Crusoe;1;24,99;24,99
2022-09-18;Bartbalm Crusoe;2;24,99;49,98
2022-09-19;Bartbalm Crusoe;1;24,99;24,99
2022-09-20;Bartbalm Crusoe;1;24,99;24,99
2022-09-21;Bartbalm Crusoe;1;24,99;24,99
2022-09-22;Bartbalm Crusoe;0;24,99;0,0
2022-09-23;Bartbalm Crusoe;0;24,99;0,0
2022-09-24;Bartbalm Crusoe;1;24,99;24,99
2022-09-25;Bartbalm Crusoe;0;24,99;0,0
2022-09-26;Bartbalm Crusoe;0;24,99;0,0
2022-09-27;Bartbalm Crusoe;1;24,99;24,99
2022-09-28;Bartbalm Crusoe;1;24,99;24,99
2022-09-29;Bartbalm Crusoe;2;24,99;49,98
2022-09-30;Bartbalm Crusoe;0;24,99;0,0
2022-10-01;Bartbalm Crusoe;1;24,99;24,99
2022-10-02;Bartbalm Crusoe;2;24,99;49,98
2022-10-03;Bartbalm Crusoe;2;24,985;49,97
2022-10-04;Bartbalm Crusoe;2;24,99;49,98
2022-10-05;Bartbalm Crusoe;1;24,99;24,99
2022-10-06;Bartbalm Crusoe;3;24,99;74,97
2022-10-07;Bartbalm Crusoe;1;24,99;24,99
2022-10-08;Bartbalm Crusoe;1;24,99;24,99
2022-10-09;Bartbalm Crusoe;4;24,99;99,96
2022-10-10;Bartbalm Crusoe;1;24,99;24,99
2022-10-11;Bartbalm Crusoe;1;24,99;24,99
2022-10-12;Bartbalm Crusoe;0;24,99;0,0
2022-10-13;Bartbalm Crusoe;1;24,99;24,99
2022-10-14;Bartbalm Crusoe;2;24,99;49,98
2022-10-15;Bartbalm Crusoe;0;24,99;0,0
2022-10-16;Bartbalm Crusoe;0;24,99;0,0
2022-10-17;Bartbalm Crusoe;0;24,99;0,0
2022-10-18;Bartbalm Crusoe;0;24,99;0,0
2022-10-19;Bartbalm Crusoe;0;24,99;0,0
2022-10-20;Bartbalm Crusoe;0;24,99;0,0
